"Artist","Album","Pret Lei","An","Casa de discuri (label)","COD","Stare disc","Stare coperta",Gen,Poza,Stoc
"""M""","New York, London, Paris, Munich","20","1979","MCA","0062.147","VG+","VG+",,,
"10 C.C.","Profile","30","1979","Decca","6.24012","NM","NM",,,
"ABC","The Lexicon Of Love","25","1982","Vertigo","6359 099","VG","VG",,,
"Adriano Celentano","Viva Italia - 20 Super Songs","35","1980","Ariola","31 207 4","NM","NM",,,
"Al Stewart","Time Passages (Gatefold)","35","1978","RCA Victor","PL 25173","VG+","VG+",,,
"Al Stewart","And Shot In The dark/24 Carrots","30","1980","RCA Victor","PL 25306","NM","NM",,,
"Al Stewart","Indian Summer - Live (Double LP)","45","1981","RCA","PL 25391","NM","NM",,,
"Albert Hammond","Your World and My World","25","1981","CBS","CBS84824","VG+","VG",,,
"Alice","Gioielli Rubati","25","1985","EMI","1A064-118709","NM","NM",,,
"Alice","Per Lisa","25","1981","EMI Elecrola","1C064-18543A","NM","VG+",,,
"Alison Moyet","Alf","35","1984","CBS","CBS26229","NM","NM",,,
"Alison Moyet","Raindancing","35","1987","CBS","CBS4501521","VG+","VG+",,,
"Alphonso Johnson","Spellbound","20","1977","Epic","EPC82197","VG+","G",,,
"Amanda Lear","Sweet Revenge (Gatefold)","30","1978","Ariola","25 900OT","NM","NM",,,
"Amanda Lear","I Am A Photograph (+Full Color Poster)","35","1977","Ariola","25473OT","NM","NM",,,
"Ananta","Night and Daydream","35","1978","Touchstone","BBT 112-T","NM","NM",,,
"Andersson, Rice, Ulvaeus","Chess (Double LP)","40","1984","RCA","PL70500","VG","VG+",,,
"Andre Brasseur","Early Bird","25","1970","Bellaphon","Bl1599","VG+","VG",,,
"Andreas Vollenweider","...Behind The Gardens - Behind The Wall-...","30","1981","CBS","CBS85 545","VG+","VG+",,,
"Andy Gibb","Shadow Dancing","30","1978","RSO","RS 1 3034","VG+","VG",,,
"Andy Williams","Honey","25","1968","CBS","S 63311","VG+","VG+",,,
"Angelo Branduardi","Cercando l'oro (Gatefold Cover)","20","1983","Musiza","46 956 9","VG+","VG+",,,
"Angelo Branduardi","Cogli la prima mela (Gatefold Cover)","20","1979","Musiza","200 940","VG","VG+",,,
"Angelo Branduardi","Fables and Fantasies","25","1979","Musiza","200 906-320","VG+","VG+",,,
"Anthony Rooley and James Tyler","My Lute Awake!","30","1974","L'Oiseau","SOL336","VG+","VG",,,
"Antony Ventura Orchestra","Die Schonsten Melodien der Welt","15",,"Ariola","203 260","VG+","VG+",,,
"Apollo 100","Coutdown","30","1975","Bellaphon","BL15149","VG","VG",,,
"Apollonia","Apollonia","25","1988","Warner","925 594-1","VG+","VG+",,,
"Asia","Asia","35","1982","Geffen","GEF85577","VG+","G",,,
"Atma","In Transit","20","1985","Lotus","BBT-S-30","VG+","VG",,,
"Barbara Thompson","Heavenly Bodies","25","1986","VeraBra Rec.","No.15","VG+","VG",,,
"Barbara Thompson's Paraphenalia","Pure Fantasy","30","1984","VeraBra Rec.","No.8","NM","NM",,,
"Barbra Streisand","Guilty (Gatefold)","30","1980","CBS","CBS86122","VG+","VG+",,,
"Barclay James Harvest","Eyes of the Universe","25","1979","Polydor","2383 557","VG","VG",,,
"Barclay James Harvest","Gone To Earth","30","1977","Polydor","27684 0","VG+","VG+",,,
"Barclay James Harvest","The Best Of Barclay James Harvest","30","1977","Harvest","32 044 0","VG+","VG+",,,
"Barclay James Harvest","XII","35","1978","Polydor","2460282","VG+","VG+",,,
"Barry Manilow","Swing Street","25","1987","Arista","15 467 4","VG+","VG+",,,
"Barry Manilow","The Best Of (Gatefold)","30","1978","Arista /Horzu","1 C 064-61 754","NM","VG+",,,
"Bay City Rollers","Dedication","15","1976","Bell","1C 062-98177","VG","G",,,
"Bay City Rollers","It's A Game (Gatefold Cover)","20","1977","Arista","1C 064-99131","VG+","VG+",,,
"Bay City Rollers","Strangers In The Wind","20","1978","Arista","1C 064-61603","VG+","VG+",,,
"Bee Gees","Goldene Serie - International","25","1976","Polydor","63 974","VG+","VG+",,,
"Bee Gees","Here At Last ….Live (Double-Gatefold)","45","1977","RSO","2658 120","NM","VG+",,,
"Bee Gees","Horizontal","25","1968","Polydor","184 122","VG","VG",,,
"Bee Gees","Mr. Natural","25","1974","RSO","2394 132","VG+","G",,,
"Bee Gees","Spirits Having Flown (Gatefold)","35","1979","RSO","2394216","VG+","VG+",,,
"Bee Gees","Children Of The World","35","1976","RSO","2394 169","NM","NM",,,
"Bee Gees","Portrait of the Bee Gees","25","1973","Polydor Special","2482 091","VG+","VG+",,,
"Bee Gees","Best (Double LP)","35","1973","Karusell","2674 007","VG+","VG+",,,
"Bernie Paul","It's A Wild Life","25","1981","Ariola","91 318 6","NM","NM",,,
"Beverley Craven","Beverley Craven","40","1990","Epic","467053 1","NM","NM",,,
"Bill Haley and His Comets","Rip It Up!","15","1968","Coral","COPS4574","VG","G",,,
"Bill Haley and His Comets","Rock Around The Clock -Live!","15",,"Bellaphon","BI1553","VG+","VG",,,
"Billy Squier","Emotions in Motion","35","1982","Capitol","1C 064-400 106","VG+","VG+",,,
"Billy Swan","I Can Help","25","1974","Monument","MNT80615","VG+","VG+",,,
"Bing Crosby","The Best of Bing","25","1974","MCA","MCF2540","VG+","VG+",,,
"Black Oak","Race With The Devil","35","1977","Capricorn","2476137","VG+","VG+",,,
"Blood Sweat & Tears","Nuclear Blues","25","1980","LA Records","31 477 3","VG","VG",,,
"Blood Sweat & Tears","In Concert (2LP)","40","1976","CBS","CBS22006","NM","VG+",,,
"Blue Roseland Orchestra","Blue Roseland Orchestra","20","1974","WAM","MLP 15.517","NM","NM",,,
"Bob Welch","Three Hearts","30","1979","Capitol","1 C 064-85 807","NM","NM",,,
"Bohannon","Hamilton Bohannon","20","1975","EMI Electrola","1 C 062-97 422","G","G",,,
"Boney M","The Magic Of Boney M -20 Golden Hits","45","1980","Hansa","201 666-502","VG+","VG+",,,
"Brenda Cochrane","In Dreams","25","1991","Polydor","849 034-1","VG+","VG+",,,
"Brenda Cochrane","The Voice","25","1990","Polydor","843 141-1","NM","VG+",,,
"Brian Ferry","Lets Stick Together","35","1976","Polydor","2302045","VG+","VG+",,,
"Brother Beyond","Get Even","25","1988","EMI","064-79 1069","VG+","VG",,,
"Carl Douglas","Kung Fu Fighter","30","1974","PYE","88 465XOT","VG+","VG+",,,
"Carly Simon","Torch","30","1981","WB","WB56935","VG+","VG+",,,
"Carmel","The Falling","25","1986","London","828 014-1","VG+","VG",,,
"Carolyne Mas","Mas Hysteria","30","1980","Mercury","6337 163","VG+","VG+",,,
"Cat Stevens","Cat Stevens","30","1973","Decca","210.005","NM","VG+",,,
"Cat Stevens","The Beginning Series (vol.10) (Best Of)","25","1973","Deram","NDM820","NM","NM",,,
"Cat Stevens","Tea For The Tillerman (Gatefold)","25",,"Island","6339020","VG+","VG+",,,
"Cat Stevens","Buddha and the Chocolate Box","30","1974","Island","87 801 XOT","VG+","VG+",,,
"Cat Stevens","Izitso","30","1977","Island","28 824XOT","NM","VG+",,,
"Cat Stevens","Mona Bone Jakon","30","1975","Island","85 687","NM","VG+",,,
"Cat Stevens","Numbers","35","1975","Island","89 680GT","NM","VG+",,,
"Cat Stevens","Profile","25","1979","Decca","6.24006","VG+","VG",,,
"Cat Stevens","Morning Has Broken","40","1981","Island","204 353","NM","NM",,,
"Cat Stevens","Greatest Hits","35","1975","Island","89091XOT","VG+","VG+",,,
"Chaka Khan","Chaka Khan","30","1982","WB","92.3729-1","VG+","VG+",,,
"Champaign","How 'bout Us","25","1981","Columbia","AL37008","VG+","VG",,,
"Charles Aznavour","J'Aime Paris","30",,"Telefunken","NT 212","NM","NM",,,
"Cher","The Very Best Of","30","1975","United Artists","UAS29 758 Z","NM","NM",,,
"Chicago","Chicago IX Chicago's Greatest Hits","20","1975","CBS","BL 33900","VG+","VG",,,
"Chicago","XI (Gatefold)","35","1977","CBS","JC 34860","VG+","VG+",,,
"Chicago","Hot Streets (Gatefold)","30","1978","CBS","CBS86069","VG+","VG",,,
"Chicago","X (Gatefold)","30","1976","CBS","CBS86010","VG+","VG",,,
"China Crises","Working with Fire and Steel","25","1983","Virgin","205 798","VG","VG+",,,
"Chris De Burgh","Best Moves","30","1981","A&M","AMLH 68532","NM","NM",,,
"Chris De Burgh","Crusader","30","1979","A&M","AMLH 64746","VG+","VG+",,,
"Chris De Burgh","Far Beyond These Castle Walls","30","1975","A&M","AMNP 112","NM","NM",,,
"Chris De Burgh","Into the Light","30","1986","A&M","395 121-1","NM","NM",,,
"Chris De Burgh","Man On The Line","30","1984","A&M","AMLX65002","NM","NM",,,
"Chris De Burgh","Spanish Train and Other Stories","30","1975","A&M","393 143-1","VG+","VG+",,,
"Chris De Burgh","The Getaway","30","1982","A&M","AMLH 68549","NM","NM",,,
"Christie","Christie","20","1979","Pronit","SX 0771","VG+","VG+",,,
"Christopher Cross","Another Page","25","1983","WB","92.3757-1","VG+","VG+",,,
"Christopher Cross","Christopher Cross","35","1979","Warner Bros.","WB 56 789","VG+","VG+",,,
"Chubby Checker","In Germany (Live)","20",,"Ariola","70 450 IT","VG+","VG",,,
"Chuck Berry","Reelin' and Rokin'","30","1984","Topline","Top 117","VG+","VG+",,,
"Chuck Berry","The Story of Rock and Roll","30",,"Ariola","28 911 XAT","VG+","VG+",,,
"Cindytalk","In this World","30","1988","Midnight","CHIME00.28 S","VG+","VG+",,,
"Clancy Brothers","Golden Hours with Lou Killen","20","1973","Vanguard","GH880","VG+","VG",,,
"Cliff Richard","Always Guaranteed","35","1987","EMI","EMD1004","VG+","VG+",,,
"Cliff Richard","Cliff Richard","25","1979","Amiga","8 55 682","VG+","VG+",,,
"Cliff Richard","I'm No Hero","35","1980","EMI Electrola","1C 064-07342","NM","NM",,,
"Cliff Richard","Live!","25","1972","MFP","MFP 50307","NM","NM",,,
"Cliff Richard","Move It (Seine besten Songs)","20","1980","EMI","F 666.947","NM","NM",,,
"Cliff Richard","Now You See Me","35","1982","EMI","1A064-07652","VG+","VG+",,,
"Clout","Substitute","25","1978","Carrere","67.289","VG+","VG",,,
"Coati Mundi","Little The Former 12 year old Genius","25","1983","Virgin","201 396-320","NM","VG+",,,
"Cock Robin","Cock Robin","35","1985","CBS","26448","NM","NM",,,
"Co-Co","Bad Old days","25","1978","Hansa","26 128OT","VG+","VG+",,,
"Collage","Shine The Light","30","1985","Solar","TSR330801","NM","NM",,,
"Commodores","Midnight Magic","35","1979","Motown","1C 064-63 064","VG+","VG+",,,
"Commodores","Natural High","35","1978","Motown","1C 064-60 942","VG+","VG+",,,
"Communards","Communards","30","1985","London","828 016-1","VG+","VG+",,,
"Connie Francis","20 Greatest Hits","20","1987","Yesterdays","15709","VG+","VG",,,
"Craaft","Craaft","30","1986","Epic","26880","NM","NM",,,
"Crosby Nash","Whistling Down The Wire","40","1976","ABC Records","ABCD-956","NM","NM",,,
"Culture Club","Colour By Numbers","35","1983","Virgin","205 730","NM","NM",,,
"Daffy","Denkanstosse","15","1979",,"53 967","VG+","VG+",,,
"Dalida","Die neuen Lieder ","25","1974","Ariola","88 450IT","NM","NM",,,
"Dalida","Die Grosse Erfolge","25","1970","Barclay","021.907","VG+","VG+",,,
"Dan Fogelberg","Nether Lands","30","1977","Epic","EPC 32529","NM","NM",,,
"Dario Domingues","The end of the Yahgan's Journey","20","1981","Trikont","LC 4270","VG+","VG+",,,
"Dave Dee, Dozy, Beaky, Mick & Tich","20 Greatest Hits","25","1980","Philips","34 953 0","NM","VG+",,,
"Dave Edmunds","Information","30","1983","Arista","205 348","NM","VG+",,,
"David Sanborn","A Change Of Heart","30","1987","WB","925 479-1","VG+","VG+",,,
"Dennis Edwards","Don't Look Any Further","15","1984","Gord-Y","ZL72148","VG","G",,,
"Diana Ross","Ross","35","1983","Capitol","1C 038-15 7653 1","NM","NM",,,
"Diana Ross","Theme From Mahogany","35","1976","Tamla Motown","TSM ST60127","VG","VG+",,,
"Digby Richards","Rock'n'Roll (I Gave You All The Best Years…)","30","1982","Starcall","SFL1 0107","VG+","VG+",,,
"Dollar","6 Song Album -Extra Price","30","1982","WEA","24.0078-1","NM","VG+",,,
"Don Fardon","Indian Reservation","20","1976","Intercord","125.405","VG+","VG+",,,
"Don Johnson","Heart Beat (Gatefold Cover)","25","1986","Epic","EPC450103 1","VG+","VG+",,,
"Donna Hightower","Gold","25","1976","Metronome","MLP 15.569","NM","NM",,,
"Donna Hightower","Here I Am","25","1974","Metronome","MLP 15.490","VG+","VG+",,,
"Donna Summer","Love To Love You Baby","25","1975","Oasis","OCLP 5003","VG","VG",,,
"Donovan","Top Artists of PopMusic","25","1981","Memory","MEM54279","VG+","VG+",,,
"Donovan","Catch The Wind","25","1965","Hallmark","HMA 200","VG+","VG+",,,
"Donovan","Colours","25","1965","Hallmark","HMA 241","VG+","VG+",,,
"Donovan","Donovan's Greatest Hits (Gate Fold)","25","1969","Epic","BXN 26 439","VG+","VG",,,
"Donovan","Golden Hour Of Donovan","25","1965","Golden Hour","GH 506","VG+","VG+",,,
"Donovan","Sunshine Superman (The Best Of)","30","1982","CBS","CL 32 033-3","VG+","VG+",,,
"Dottie West","Country and West","25","1970","RCA-Victor","LSP 4332","VG+","VG+",,,
"Dr. Hook","Makin' Love and Music","35","1977","Capitol","1C 038-85 156","NM","NM",,,
"Dr. Hook And The Medicine Show","Sylvia's Mother","30","1978","CBS","S31458","VG+","VG+",,,
"Dr. Hook And The Medicine Show","Sylvia's Mother","35","1972","Embassy","EMB31201","NM","NM",,,
"Dschinghis Khan","Dschinghis Khan -Gatefold+MaxiPoster","60","1979","Jupiter","200 690","NM","NM",,,
"Duane Eddy","Movin'N'Groovin'","20","1970","London","ATZ 3300","VG+","VG+",,,
"Dusty Springfield","Dusty Springfield (Motive Series)","25","1981","Philips","6381 044","NM","NM",,,
"Dutch Swing College Band","D.S.C. in Concert! (2LP)","25",,"Philips","6678 014","NM","VG+",,,
"Earth Wind & Fire","All 'N All (Gatefold)","30","1977","CBS","CBS82238","VG+","VG",,,
"Ed Welch","Clowns","25","1978","UA","UAS29248","VG+","VG+",,,
"Eddie Brickell & The New Bohemians","Circle","25","1988","Geffen","921 207-0","VG+","VG+",,,
"Eddie Cochran","Remember Me…","25","1964","Liberty","LBY 1133 F","VG","VG+",,,
"Eddy Grant","File Under Rock","35","1988","Parlophone","064-790341","VG+","VG+",,,
"Eddy Grant","Love In Exile","35","1980","ICE","INT136 101","VG+","VG+",,,
"Eddy Grant","Can't Get Enough","30","1981","Ice Records","INT 146.102","NM","VG+",,,
"Edwin Hakin Singers","Oh Happy Day - The Golden Songs","25","1974","Buddah","38 805 8","VG+","VG+",,,
"Ekseption","Ekseptional (The Best Of  Ekseption)","20","1973","Philips","6410 044","NM","VG+",,,
"Ekseption","With Love From (2LP)","35","1975","Philips","6677 025","VG+","VG+",,,
"Elephant","Welcome To The China Shop","35","1981","Vertigo","6435118","NM","NM",,,
"Elton John","A Single Man (Gatefold)","35","1978","MCA Records","MCA-3065","VG+","VG+",,,
"Elton John","Too Low For Zero","35","1983","Rocket Rec","811 052-1","VG+","VG+",,,
"Elton Motello","Pop Art","20","1980","Edge RKM","HOG1","VG","VG+",,,
"Elvis Presley","Forever -32Hits and the Story of a King (2LP)","10",,"RCA","PJL2-8024","G","G",,,
"Elvis Presley","Elvis' Love Songs","25","1979","K-Tel","TG1237","VG+","VG",,,
"Elvis Presley","Seine 40 Grossten Hits (2LP)","20",,"Arcade","ADE P 12","VG","VG",,,
"Engelbert","Portrait in Gold (2LP Box)","40","1974","Decca","SD 3029","VG+","VG+",,,
"Eric Bourdon Band","Comeback (Soundtrack)","30","1982","Squire","A120 190","VG+","VG+",,,
"Eric Carmen","The Best Of Eric Carmen","30","1987","Arista","208 916","VG+","VG+",,,
"Esther & Abi Ofarim","Das neue Album","20","1966","Philips","843 920PY","VG","VG",,,
"Esther & Abi Ofarim","Esther & Abi Ofarim (2LP)","30","1972","Philips","9299 360","NM","NM",,,
"Esther & Abi Ofarim","Die Ofarim-Story (2LP)","25","1972","Philips","6610 010","NM","VG+",,,
"Esther Philips","What A Difference A Day Makes","25","1975","CTI Records","KU23","VG+","VG+",,,
"Exile","All There Is","35","1979","RAK","1C 064-62 635","VG+","VG+",,,
"Exile","Mixed Emotions","30","1978","RAK","1C 064-61 797","NM","NM",,,
"Fairground Attraction","The First Of A Million Kisses","35","1988","RCA","PL71696","NM","NM",,,
"Fat Boys","Crushin'","30","1987","Polydor","831 948-1","VG+","VG+",,,
"Fats Domino","Attention!","20",,"Fontana","6430024","VG+","VG+",,,
"Fats Domino","Cookin' With Fats (2LP)","25","1973","UA records","UAS 29 561/62XC","VG+","VG+",,,
"Fats Domino","Fantastic Fats","25","1965","MFP","MFP50294","VG+","VG+",,,
"Fats Domino","Fantastic Fats (Sixteen of the Greatest Tracks)","20","1976","ABC Records","27 376 XAT","NM","VG+",,,
"Fats Domino","Fats Domino","20","1973","Everest Rec","FS-280","NM","VG+",,,
"Fats Domino","Here Comes The King of Rock'n'Roll","20",,"Sunset","SLS 50053 Z","VG+","VG+",,,
"Fats Domino","Play It Again (The VeryBest Of)","20","1975","UA records","UAS 29 467","NM","NM",,,
"Fats Domino","Star Collection","20","1973","Midi","MID 24006","VG+","VG+",,,
"Feargal Sharkey","Feargal Sharkey","15","1985","Virgin","207 320-630","VG","VG",,,
"Francis Lai","Bilitis - Soundtrack","20","1977","Warner Bros.","WB56412","VG+","VG",,,
"Frank Duval","Face to Face","25","1982","K-Tel","TG1389","VG+","VG+",,,
"Frank Sinatra","Ol' Blue Eyes Is Black (Gatefold)","35","1973","Reprise","WEA31 645","VG+","VG+",,,
"Frankie Goes To Hollywood","Liverpool","25","1986","ZTT","ZTTIQ 8","VG+","VG",,,
"Frankie Miller","Falling In Love","30","1979","Chrysalis","38 780 3","VG+","VG+",,,
"Franz Benton","Talking To A Wall","25","1986","Marlboro Music","257 924","NM","NM",,,
"Frida","Something's Going On","25","1982","Polydor","2311 176","VG+","VG+",,,
"Garland Jeffreys","American Boy & Girl","30","1979","A&M","AMLH64778","VG+","VG+",,,
"Garland Jeffreys","Ghost Writer (Gatefold Cover)","30","1977","A&M","AMLH64629","VG+","VG+",,,
"Gary Wright","The Dream Weaver","30","1975","Warner Bros.","WB 56 141","NM","NM",,,
"Gene Pitney","His 20 Greatest","25","1976","Arcade","ADE P22","VG+","VG+",,,
"Gene Vincent","Rock'n'Roll History vol.2","25",,"Capitol","1C 038-85 097","NM","VG+",,,
"George Baker Selection","Paloma Blanca","35","1975","Warner Bros.","WB 561 136","VG+","VG+",,,
"George Baker Selection","Sing A Song Of Love","35","180","MFP","1A022-58022","VG+","VG+",,,
"George McRae","Rock Your Baby","35","1974","T.K. Records","KPL1-0501","VG+","VG+",,,
"Georges Moustaki","Moustaki","25","1975","Polydor","2393 129","NM","VG+",,,
"Gianna Nannini","Latin Lover","25","1982","Metronome","0065.027","VG+","VG+",,,
"Gianna Nannini","Maschi e Altri","35","1987","Metronome","833952-1","VG+","VG+",,,
"Gianna Nannini","Scandalo","25","1990","Metronome","843977-1","VG+","VG+",,,
"Gianni Togni","Gianni Togni","25","1983","CGD","205 721","NM","NM",,,
"Gibson Brothers","On The Riviera","35","1980","Polydor","2374 163","NM","NM",,,
"Gilbert Becaud","Gilbert Becaud","25","1967","Amiga DDR","850 111","VG+","VG+",,,
"Gilbert O'Sullivan","A Stranger In My Own Back Yard","25","1974","MAM Records","062-EMD 98 016","VG+","VG+",,,
"Gilbert O'Sullivan","Back To Front","15","1972","MAM Records","MAMA503","VG+","VG+",,,
"Gilbert O'Sullivan","Himself (Gatefold)","20","1971","MAM Records","MAMA501","VG+","VG+",,,
"Gilbert O'Sullivan","I'm A Writer, Not A Fighter","15","1973","MAM Records","MAMA505","VG+","VG+",,,
"Gino Vannelli","Brother to Brother","15","1978","A&M","393 170-1","VG+","G",,,
"Glen Campbell","Basic","30","1978","Capitol","064-85 696","VG+","VG+",,,
"Glen Campbell","By The Time I Get To Phoenix","25","1967","Sounds Superb","SPR 90011 1","NM","VG+",,,
"Glenn Miller","The Legenday Sound Of Glenn Miller and his Band","25","1981","K-Tel","TG 1357","VG+","VG",,,
"Glenn Miller","In The Mood","25","1976","Intercord","25 108-2","VG+","VG+",,,
"Glenn Miller","Glenn Miller Plays Selections From The….","20","1960","RCA Victor","CL 13759","VG+","VG+",,,
"Glenn Miller","String of Pearls (2LP)","25","1973","Pickwick","CD2-0168D","VG+","VG+",,,
"Glenn Miller","Das Beste","20",,"RCA","RD 1013","VG","VG",,,
"Glenn Miller","Die Originalaunahmen (2LP)","25",,"RCA Victor","RCS 3105/1-2","VG+","VG+",,,
"Glenn Shorrock","Villain of the Peace","25","1983","Capitol","1A 064-7122221","VG+","VG+",,,
"Gloria Gaynor","Never Can Say Goodbye","30","1975","MGM","2315321","NM","NM",,,
"Godley & Creme","Goodbye Blue Sky","35","1988","Polydor","835 348-1","VG+","VG+",,,
"Golden Avatar","A Change Of Heart","35","1976","Sudarshan","BBT 108","VG+","VG+",,,
"Golden Earring's","Greatest Hits","30","1981","Polydor","2311 094","VG+","VG+",,,
"Goombay Dance Band","Land of Gold","30","1980","CBS","32337-8","NM","NM",,,
"Gordon Lightfoot","Gord's Gold (Double LP)","25","1975","Reprise","REP64 033","VG+","VG",,,
"Gordon Lightfoot","The Very Best Of","20","1975","UA records","UAS 29 759 Z","VG","VG",,,
"Gordon Lightfoot","Gord's Gold (Double LP)","35","1975","Reprise","REP64033","VG+","VG",,,
"G-Pal","Life (2LP)","35","2000","Plastic City","PLACLP021","VG+","VG",,,
"Grace Jones","Slave To The Rhytm","20","1985","Manhattan","062-24 0447","VG+","G",,,
"Grace Jones","Portfolio (Gatefold)","20","1976","Island","ILPS9470","VG+","VG",,,
"Grace Jones","Inside Story","20","1986","Manhattan","24 0643 1","VG","VG",,,
"Gus","Convicted","30","1980","Epic","EPC84422","NM","NM",,,
"Haicut One Hundred","Pelican West","25","1982","Arista","204 521","VG+","VG",,,
"Hank and The Bullfrogs","Hank Lorraine sings and plays Johnny Cash Hits","30","1973","AudiTon","909-2-121094","NM","VG+",,,
"Hank The Knife and The Jets","The Guitar King","20","1975","EMI","1C 056-97115A","VG+","G",,,
"Harold Melvin and The Blue Notes","Reaching For The World","20","1976","ABC Records","AB-969","VG+","VG+",,,
"Harry Belafonte","Harry Belafonte","20",,"Amiga","8 55 482","VG+","VG",,,
"Harry Belafonte","Jump Up Calypso (Gatefold)","30","1961","RCA","SRS 561","VG+","VG+",,,
"Harry Belafonte","Live on Stage at Carnegie Hall","25",,"RCA","6886 805","VG+","VG+",,,
"Hazel O'Connor","Breaking Glass","25","1980","A&M","396 943","VG+","VG+",,,
"Heaven 17","The Luxury Gap","30","1982","Virgin","205 337-320","VG+","VG+",,,
"Heaven 17","How Men Are","30","1984","Virgin","206 614-620","VG+","VG+",,,
"Helen Schneider","With The Kick","30","1983","WEA","24-0233-1","NM","VG+",,,
"Helen Schneider","Back On Track","30","1988","Epic","EPC461167","NM","NM",,,
"Hello","Bravo Präsentiert: Hello","30","1978","Arista","1C 038-61 424","VG+","VG+",,,
"Henry Paul Band","Anytime","25","1982","Atlantic","SD19325","VG+","VG+",,,
"Herb Alpert","Beyond","40","1980","A&M","AMLK63717","NM","NM",,,
"Herb Alpert","Rise","30","1979","A&M","AMLH64790","VG+","VG+",,,
"Herbert Gronemeyer","4630 Bochum","25","1984","EMI","1469051","VG+","VG",,,
"Herbert Gronemeyer","Luxus","25","1990","Electrola","1C 068-7 95068 1","VG+","VG+",,,
"Herman Brood & His Wild Romance","Go Nutz","25","1980","Aves","INT 146.527","VG+","VG+",,,
"Herman's Hermits","Greatest Hits","30","1968","EMIDisc","1C048-50727","NM","VG+",,,
"Hi-Gloss","Hi-Gloss","35","1981","Derby","DBR20282","VG+","VG",,,
"Holly Johnson","Blast","35","1989","MCA","256 395-1","VG+","VG+",,,
"Hot Chocolate","Bravo presentiert: Hot Chocolate","20","1976","RAK","1C 038-98 458","VG+","VG",,,
"Hot Chocolate","Class","25","1980","RAK","1C 074-64 174","VG+","VG+",,,
"Hot Chocolate","Every 1's A Winner","25","1978","RAK","1C 064-60499","VG+","VG+",,,
"Hot Chocolate","Going Through The Motions","25","1979","Infinity Rec.","INF9010","VG+","VG+",,,
"Hot Chocolate","Love Shot","30","1983","RAK","1C 064 1653831","VG+","VG+",,,
"Hot Chocolate","Mystery","25","1982","RAK","064-64933","VG+","VG+",,,
"Hot Chocolate","The Very Best Of","25","1987","Capitol","ST6556","VG+","VG+",,,
"Hot Chocolate","XIV Greatest Hits","25","1976","RAK","1C 062-98228","VG+","VG+",,,
"Howard Jones","Drean Into Action","25","1985","WEA","WX15","VG+","VG",,,
"Huey Lewis and The News","Small World","35","1988","Chrysalis","209 200","VG+","VG+",,,
"Huey Lewis and The News","Hard At Play","35","1991","EMI USA","7 93355 1","NM","NM",,,
"Hugh Cornwell & Robert Williams","Nosferatu","25","1979","UA","UAG30251","VG+","G",,,
"Humpe Humpe","Humpe.Humpe","25","1985","WEA","240 635-1","NM","NM",,,
"Ian Lloyd","Goose Bumps","30","1979","Scotti Brothers","26 14004","NM","NM",,,
"Icehouse","Primitive Man","25","1982","Chrysalis","204 980-320","VG+","VG+",,,
"Icehouse","Sidewalk","25","1984","Chrysalis","206 334","VG+","VG+",,,
"Ike & Tina Turner","Get It Together","15",,"Bellaphon","BI1533","VG+","G",,,
"Imagination","Body Talk","30","1981","F1 Team","LP3345","VG+","VG+",,,
"Imagination","Night Dubbing","25","1983","Ariola","205 443","VG+","VG+",,,
"Iron Butterfly","In-A-Gadda-Da-Vida","20","1968","Atlantic","ATL 40 022","VG","G",,,
"Isao Tomita","Pictures At An Exhibition","25","1975","RCA Victor","APL1-0838","VG","VG",,,
"J.","J.","20","1990","Amiga","8 56 531","VG+","VG",,,
"J. Boss Band","The Wind In Your Face","25","1990","Roxon","ROX7590","VG+","VG+",,,
"Jack Jersey","In The Still Of The Night","30","1974","Imperial","5C 052-24992","VG+","VG+",,,
"Jackson Browne","Hold Out","30","1980","Asylum Rec.","AS 52226","NM","VG+",,,
"Jackson Browne","Running On Empty","35","1977","Asylum","53070","NM","NM",,,
"Jacques Brel","Brel","30","1977","Barclay","0066.034","VG+","G",,,
"James Dean","Sound Track","25","1975","Warner Bros.","WB 56122","NM","VG+",,,
"James Last","Non Stop Dancing 1972","25","1972","Polydor","2371189","VG+","VG+",,,
"James Taylor","Dad Loves His Work","20","1981","CBS","86131","VG","VG+",,,
"Jelly Bean","Rock The House! (2LP)","30","1988","Chrysalis","CJB1-1","VG+","VG+",,,
"Jennifer Rush","Heart Over Mind","35","1987","CBS","450470-1","NM","NM",,,
"Jennifer Rush","Jennifer Rush","30","1984","CBS","CBS26177","VG+","VG",,,
"Jennifer Rush","Movin'","35","1985","CBS","CBS26710","NM","NM",,,
"Jermaine Jackson","Lets Get Serious","30","1980","Motown","1C064-63 370","VG+","VG",,,
"Jerry Harrison","Casual Gods","30","1988","Fontana","832 992-1","VG+","VG+",,,
"Jerry Lee Lewis and Friends","Duets (Yellow Disc)","35","1978","Bellaphon","BBS2568","VG+","VG+",,,
"Jesse Johnson","Every Shade Of Love","25","1988","A&M","395 188-1","VG+","VG",,,
"Jesse's Gang","Center Of Attraction","10","1987","Geffen","GHS 24129","G","G",,,
"Jim Capaldi","Whale Meat Again","25","1974","Island","ILPS9254","VG+","VG+",,,
"Jim Croce","Photographs & Memories","35","1985","Intercord","INT130.103","VG","VG+",,,
"Joan Armatrading","Walk Under Ladders","30","1981","A&M","AMLH64876","VG+","VG+",,,
"Joan Armatrading","Back To The Night","25","1975","A&M","AMNP110","VG+","VG",,,
"Joan Baez","Starparade ","20","1973","Horzu Exclusiv","1C 054-99 479","VG+","VG",,,
"Joan Baez","Greatest Hits","35","1972","Vanguard","C 062-93 522","NM","NM",,,
"Joan Baez","Live Europe 83 - Children Of The Eighties","30","1983","Ariola","205 742","VG+","VG+",,,
"Joan Baez","Ihre schonsten Lieder","25","1982","Vanguard","0062.184","VG+","VG+",,,
"Joan Faulkner& Big Band Ljublijana","Joan Faulkner& Big Band Ljublijana","25","1983","RTV","LD1213","VG+","VG+",,,
"Joe Cocker","Cocker Happy","30",,"Cube","853013","VG+","VG+",,,
"Joe Cocker","I Can Stand A Little Rain","30","1974","Cube","853004","VG+","VG+",,,
"Joe Cocker","Impact","30","1972","Impact","6886 554","VG+","VG+",,,
"Joe Cocker","Luxury You Can Afford","30","1978","Asylum","K53 087","VG+","VG+",,,
"Joe Cocker","Sheffield Steel","30","1982","Island","204 668","VG+","VG+",,,
"Joe Cocker","Cocker","35","1986","Capitol","1C 064 24 0424","NM","NM",,,
"Joe Dolce","Music Theatre","20","1980","Ariola","203 724","VG+","VG+",,,
"Joe's ""Las Vegas"" Big Band","Melodies of Brodway","20",,"Impression","63 025","VG","VG",,,
"John Denver","Die Superhits","25","1979","RCA","PL43048","NM","NM",,,
"John Denver","Dreamland Express","30","1985","RCA","PL85458","VG+","VG+",,,
"John Denver","Greatest Hits vol.3","35","1984","RCA","PL85313","NM","VG+",,,
"John Denver","Rocky Mountain High","35","1972","RCA","LSP4731","NM","VG+",,,
"John Denver","Seine Grossen Erfolge[Greatest Hits](2LP)","30","1978","RCA","PL42468","VG+","VG+",,,
"John Denver","Voice Of America - Best Songs","30","1980","RCA","PL43300","NM","VG+",,,
"John Denver","John Denver's Greatest Hits","20","1973","RCA","CPL1-0374","VG","VG",,,
"John Denver","Back Home Again (Gatefold)","20","1974","RCA","CPL1-0548","VG","VG",,,
"John Farnham","Whispering Jack","25","1986","RCA","PL71224","VG","VG",,,
"John Miles","Rebel","25","1976","London Records","820 080-1","VG+","VG",,,
"John Schneider","Tryin' To Outrun The Wind","10","1985","MCA ","MCA-5583","VG","VG",,,
"John Stewart","Bombs Away Dream Babies","30","1979","RSO","2394-228","VG+","VG+",,,
"John Stewart","Dream Babies Go Hollywood","30","1980","RSO","2394-255","VG+","VG+",,,
"John Wats","One More Twist","30","1982","EMI","064-07609","VG+","VG+",,,
"Johnny and The Hurricanes","You Are My Sunshine","25","1975","Contempo","6.22 103","VG+","VG+",,,
"Johnny Cash","Welcome To Europe","30","1975","CBS","53 658","VG+","VG",,,
"Johnny Cash","Great Songs Of Johnny Cash","30",,"Vintage","F50004","VG+","VG",,,
"Johnny Crash","Neighbourhood Threat","30","1990","Epic","466224 1","VG+","VG+",,,
"Jonathan Butler","More Than Friends","30","1988","Jive","6.26902","NM","NM",,,
"Jorge y Obo - El Duo Flamenco","Decada","30","1987","EDF","EDF – 23087","NM","NM",,,
"Jose Feliciano","Alive Alive-o! Live At London Palladium (2LP)","35","1969","RCA Victor","SF 8084","VG+","VG+",,,
"Jose Feliciano","Angela","30","1976","Private Stock","PS2010","VG+","VG+",,,
"Jose Feliciano","Che Sara","25","1976","RCA-Victor","27 553-7","VG+","VG+",,,
"Jose Feliciano","Jose Feliciano in Concert at the London Palladium","30","1969","RCA Victor","LSP-6021-1","VG+","VG+",,,
"Jose Feliciano","Sings","30","1972","Pickwick","CAS-2563","VG+","VG+",,,
"Jose Feliciano","Sweet Soul Music","25","1976","Private Stock","PVLP1015","VG+","VG+",,,
"Joy Fleming","Joy Fleming (Gatefold)","15","1973","Intercord","26 011-7","VG+","VG+",,,
"Judy Collins","Recollections","15","1969","Elektra","EKS-74055","VG","G",,,
"Jule Neigel Band","Schatten An Der Wand","20","1988","Intercord","INT145.109","NM","NM",,,
"Jule Neigel Band","Wilde Welt","15","1990","Intercord","INT 160.237","VG+","VG+",,,
"Julien Clerc","Les Grandes Chansons","30","1972","Prisma","054 CRY 16051","NM","NM",,,
"Julio Iglesias","De Nina A Mujer (Gatefold)","40","1981","CBS","CBS 85063","NM","NM",,,
"Justin Hayward - John Lodge","Blue Jays (Gatefold)","35","1975","Threshold","6.22 222 (AO)","NM","VG+",,,
"Karel Gott","Heut ist der shonste Tag in meinem Leben","20",,"Amiga","8 55 537","VG+","VG+",,,
"Kate Bush","The Kick Inside","20","1978","EMI","1C064-06 603","VG+","G",,,
"Kevin Johnson","A Man Of The 20th Century","25","1976","Nova","6.2282AS","VG+","VG+",,,
"Kid Creole & The Coconuts","Tropical Gangsters","25","1982","Island","204 669-320","VG+","VG+",,,
"Kim Carnes","Mistaken Identity","30","1981","EMI America","1A 062-400 008","VG+","VG+",,,
"Kim Carnes","Sailin'","30","1976","A&M","AMLE63114","VG+","VG+",,,
"Kim Carnes","Mistaken Identity","35","1981","EMI-Electrola","064-400 008","NM","NM",,,
"Kim Carnes","The Best Of You","35","1982","A&M","393 204-1","NM","NM",,,
"Kim Wilde","Catch As Catch Can","35","1983","RAK","1A 064-1654081","VG+","VG+",,,
"Kincade","Kincade","20","1973","Bellaphon","BLPS19153","VG+","VG+",,,
"King Curtis","Star- Collection","20","1974","Midi","MID K 30047","VG+","VG",,,
"King Swan","Wiseblood","35","1990","Virgin","211 111","VG+","VG+",,,
"Kris Kristofferson","Border Lord","25","1972","Monument","MNT 64963","VG+","VG+",,,
"Kris Kristofferson","Me And Bobby McGee","25","1971","Monument","MNT 64631","NM","VG+",,,
"Kris Kristofferson","Spooky Lady's Sideshow","25","1974","Monument","VG+T 69074","VG+","VG+",,,
"Kris Kristofferson & Rita Coolidge","Natural Act","25","1978","A&M","AMLH 64690","VG+","VG",,,
"Lake","Lake","25","1976","CBS","CBS81 661","VG+","VG",,,
"Lake","Paradise Island","25","1979","CBS","CBS83 480","VG","VG",,,
"Larry Hosford","Larry Hosford A.k.a. Lorenzo","20","1974","Shelter","SRL 52018","NM","VG+",,,
"Latin Quarter","Modern Times","25","1985","Rockin' Horse","ZL70840","VG","VG",,,
"Laurie Anderson","Mister Heartbreak","35","1984","WB","925 077-1","VG+","VG+",,,
"Lee Aaron","Lee Aaron","20","1982","Polydor","815 211-1","VG+","VG",,,
"Lee Patterson Singers","Oh Happy Day","25",,"Mercury","88 437 DY","NM","NM",,,
"Leo Kottke","6&12 String Guitar","30","1972","Metronome","MLP 15.565","VG+","VG+",,,
"Leo Kottke","Leo Kottke","15",,"Amiga","8 55 977","VG+","VG+",,,
"Leo Kottke","Live In Europe","20","1980","Chrysalis","202 706-320","NM","VG+",,,
"Leo Sayer","Living In A Fantasy","30","1980","Chrysalis","202 830-320","VG+","VG+",,,
"Leo Sayer","The Show Must Go On","30","1980","Pickwick","SHM 3035","VG+","VG+",,,
"Leo Sayer","The Very Best Of","30","1979","Chrysalis","CDL1222","VG+","VG+",,,
"Level 42","A Physical Presence (2LP)","30","1985","Polydor","LP 825 677-1","VG+","VG+",,,
"Level 42","Running In The Family","25","1987","Polydor","831 593-1","NM","VG+",,,
"Level 42","The Early Tapes July/August 1980","25","1980","Polydor","2383 637","VG+","VG+",,,
"Level 42","World Machine","25","1985","Polydor","827487-1","VG+","VG+",,,
"Limahl","Don't Suppose","30","1984","EMI","1C 064 24 0156","VG+","VG+",,,
"Linda Ronstadt","Simple Dreams (Gatefold Cover)","20","1977","Asylum","AS53065","VG","VG",,,
"Little Richard","King Of Rock","25","1979","Europa","111403.4","VG","VG",,,
"Little River Band","Backstage Pass (2LP)","50","1980","Capitol","1 C 164-86 120","NM","NM",,,
"Little River Band","Little River Band","25","1975","EMI","064-82 205","VG+","VG",,,
"Lobo","Calumet","20","1973","Philips","6369 802","NM","VG+",,,
"Lobo","Collection","20","1975","Atlantic","ATL20 265","VG+","VG+",,,
"Lobo","Just A Singer","20","1974","Philips","6369 805","NM","VG+",,,
"Lobo","Of A Simple Man","20","1972","Philips","62 360","VG+","VG+",,,
"Loek Dikker Waterland Ensemble","Tan Tango","15","1975","Waterland","WM 001","VG+","VG+",,,
"London Symphony Orch./cond. Ed Welch","Paul Gallico's The Snow Goose (Musical by Spike Milligan)","30","1976","RCA","RS1088","NM","NM",,,
"Lonnie Donegan","The Hits","25",,"MFP","MFP 50389","VG+","VG+",,,
"Los Paraguayos","Los Paraguayos","30",,"Amiga","8 55 265","VG+","VG+",,,
"Los Reyes","The Gipsy Kings of Music","35","1988","Ariola","209 377","NM","NM",,,
"Loverboy","Get Lucky","30","1981","CBS","CBS85402","VG+","VG+",,,
"Lucio Battisti","Il Meglio Di Lucio Battisti vol.1","20","1976","Numero Uno","ZNLN 33002","VG+","VG+",,,
"Lucio Battisti","Io Tu Noi Tutti","20","1977","Numero Uno","ZPLN 34006","NM","VG+",,,
"Luis Bordon","Paraguyan Harp Panorama","20",,"Metronome","KMLP328","VG+","VG+",,,
"Luther Vandross","Give Me The Reason","20","1986","Epic","EPC 450134 1","VG+","G",,,
"Luv'","Lots of Luv","40","1979","Philips","6423 117","NM","NM",,,
"Lynn Anderson","Lynn Anderson's Greatest Hits","20","1972","Columbia","BL 31641","VG","VG",,,
"Mahalia Jackson","Welcome to Europe","25","1969","CBS","SPR 32","VG+","VG+",,,
"Mahalia Jackson","Mahalia Jackson","20","1976","Pickup","BPU 14007","VG+","VG+",,,
"Mahalia Jackson","Silent Night (Stille Nacht)","20","1966","CBS","62 130","NM","NM",,,
"Mahalia Jackson","Swings The Gospel (Inedits vol.3)","20","1974","Vogue","LDY 28007","NM","NM",,,
"Man At Work","Cargo","35","1982","CBS","CBS25372","VG+","VG+",,,
"Manfred Man's Earth Band","Watch","35","1978","Bronze","25 762 XOT","VG+","VG+",,,
"Marek & Vacek","Piano Fascination","20",,"Karussell","2415 126","NM","NM",,,
"Marianne Faithfull","Broken English","25","1979","Island","201018","VG+","VG+",,,
"Marti Webb","Won't Change Places","25","1980","Polydor","2383 598","NM","VG+",,,
"Matt Bianco","Matt Bianco","30","1986","WEA","240 880-1","NM","NM",,,
"Matt Bianco","Whose Side Are You On","20","1984","WEA","WX7 240 472-1","VG+","VG+",,,
"Max Merritt & The Meteors","A Little Easier","25","1975","Arista","1C 062-96 968","NM","VG+",,,
"Mayday","Mayday","35","1981","A&M","AMLH64873","VG+","VG+",,,
"Maywood","Colour My Rainbow","35","1982","CNR","0060.561","VG+","VG+",,,
"Meat Loaf","Bat Out Of Hell","45","1977","Epic","EPC82419","VG+","VG+",,,
"Meat Loaf","Blind Before I Stop","30","1986","Melodia URSS",,"VG+","VG+",,,
"Meat Loaf","Dead Ringer","20","1981","Epic","EPC83645","G","G",,,
"Meat Loaf","Featuring Stony & Meat Loaf","35","1978","Prodigal","5C 052-62172","VG+","VG+",,,
"Melanie","Candles In The Rain (Gatefold)","15","1970","Buddah Rec.","2318 006","G","VG",,,
"Melanie","Golden Hour Of Melanie","25","1977","Golden Hour","GH 861","VG+","VG+",,,
"Melanie","Live At The Carnegie Hall","20","1970","Buddah","MED51.705","VG+","VG+",,,
"Melanie","Portrait (2LP)","20","1971","Buddah","DALP2/1701","VG","VG",,,
"Melanie","The Original","20","1971","Buddah Rec.","47.006","VG","VG",,,
"Melanie & The Edwin Hawkins Singers","Try The Real Thing","25","1972","Pickwick","SPC-3317","VG+","VG+",,,
"Melissa Etheridge","Melissa Etheridge","30","1988","Island","209 138","VG+","VG+",,,
"Michael And Friends","Michael And Friends","25","1979","Biber","BI 6020","VG+","VG+",,,
"Michel Sardou","Star Edition (2 LP)","35","1974","Barclay","0086.030","VG+","VG+",,,
"Middle Of The Road","The Best Of","15","1977","RCA Victor","66 237","G","G",,,
"Mike Batt","Starsound Collection","30","1983","Memory","296 952","NM","NM",,,
"Mike Berry","Memories","25","1981","Polydor","POLS 1054","VG+","VG+",,,
"Mike Oldfield","Crises","40","1983","Virgin","205 500-320","NM","NM",,,
"Mike Oldfield","Platinum","35","1979","Virgin","201 206-320","VG+","VG+",,,
"Mike Oldfield","QE2","30","1980","Virgin","202 967-320","VG+","VG+",,,
"Mike Oldfield","Incantations (Double LP)","45","1979","Virgin","VV33002","NM","NM",,,
"Millie Jackson","Just A Lil' Bit Country","30","1981","Polydor","2391520","NM","NM",,,
"Mirage","Royal Mix '89 (89 Non Stop Hits)","25","1988","Stylus Music","SMR871","NM","NM",,,
"Mixed Emotions","Just For You (Gatefold)","30","1988","Electrola","1C 066-7 91275","VG+","VG+",,,
"Mixed Emotions","Deep From The Heart","30","1987","Electrola","1C 066Y 14 7256","VG+","VG+",,,
"Modern Romance","Adventures in Clubland","20","1981","WEA","WEA58407","VG","VG",,,
"Moon Martin","Escape From Domination","25","1979","Capitol","1C 064-85 944","VG+","VG+",,,
"Mory Kante","Akwaba Beach","35","1987","Barclay","833 119-1","VG+","VG+",,,
"Mother's Finest","Mother's Finest Live","15","1979","Epic","EPC 83693","VG","G",,,
"Mother's Finest","One Mother To Another","25","1983","Epic","25363","NM","VG+",,,
"Mr. Acker Bilk","Mr. Aker Bilk Compilation","20",,"Hallmark","HMA 216","VG+","VG+",,,
"Munich Symphonyc Sound Orchestra","The Sensation Of Sound – Pop Goes Classic","30","1988","PolyStar","837 481-1","NM","NM",,,
"Neil Diamond","20 Super Hits","25","1975","MCA Records","6322133AP","VG+","VG+",,,
"Neil Diamond","And The Singer Sings His Song","30","1973","MCA Records","62.044","NM","NM",,,
"Neil Diamond","Beautiful Noise","20","1976","CBS","CBS 86004","VG+","VG",,,
"Neil Diamond","Brother Love's Travelling Salvation Show","20","1970","UNI Records","6369 608","VG+","VG+",,,
"Neil Diamond","Gold (Gatefold)","20","1970","UNI Records","6369 602","VG","VG+",,,
"Neil Diamond","Greatest Hits","25","1973","Bellaphon","Bl 1535","VG+","VG+",,,
"Neil Diamond","Heartlight","30","1982","CBS","25073","NM","NM",,,
"Neil Diamond","His 12 Gratest Hits","25","1974","MCA","6.21 804","VG+","VG+",,,
"Neil Diamond","Hot August Night (Live at the Greek Theatre) 2LP","25","1973","UNI Records","MAPS 6385","VG+","VG+",,,
"Neil Diamond","I'm Glad You're Here With Me Tonight","25","1977","CBS","CBS 86044","VG+","VG+",,,
"Neil Diamond","Jonathan Livingston Seagul (Original Sountrack)","20","1973","CBS","S 69047-1","VG+","VG+",,,
"Neil Diamond","Love at the Greek  (2LP)","25","1977","CBS","CBS 95001","VG+","VG+",,,
"Neil Diamond","Lovescape","30","1991","Columbia","468890 1","NM","NM",,,
"Neil Diamond","Moods","25","1972","UNI Records","62 435","VG+","VG+",,,
"Neil Diamond","Neil Diamond","20","1972","UNI Records","28 321-8","VG+","VG+",,,
"Neil Diamond","September Morn","25","1979","CBS","CBS 86096","VG+","VG+",,,
"Neil Diamond","Serenade","25","1974","CBS","69067","VG+","VG",,,
"Neil Diamond","Shilo","25","1970","Bellaphon","BLPS 19009","VG+","VG+",,,
"Neil Diamond","Stones","25","1971","UNI Records","6369 613","VG","VG+",,,
"Neil Diamond","Stones , Moods (2 Original Album Set)","30","1971","MCA","82.042-2","NM","NM",,,
"Neil Diamond","World Hits","25","1974","Bellaphon","Bl 15108","VG+","VG+",,,
"Neil Diamond","You Don't Bring Me Flowers","25","1978","CBS","86077","NM","NM",,,
"Neil Sedaka","Yesterday's Pop Scene - Oh, Carol!","25","1972","RCA","INTS1131","VG+","VG+",,,
"Neil Sedaka","The Hungry Years (Gatefold)","30","1975","The Rocket","PIG 2157","NM","VG+",,,
"New Musik","Anywhere (Gatefold)","30","1981","GTO Records","GTLP044","NM","NM",,,
"Nick Heyward","North Of A Miracle (Gatefold)","30","1983","Arista","205 765","VG+","VG+",,,
"Nicole McCloud","What About Me?","30","1985","CBS","PRT26844","VG+","VG+",,,
"Nik Kershaw","Human Racing","20","1984","MCA","250 574-1","VG+","VG",,,
"Nilsson","Rock'N'Roll","25",,"Pickwick","SPC3321","VG+","VG+",,,
"Nini Rosso","In The World","25","1979","Hansa","200 981-320","VG+","VG+",,,
"Nona Hendryx","Female Trouble","20","1987","EMI America","ST-17248","VG+","VG",,,
"Nova","Terranova","25","1982","CNR","0060.525","VG+","VG",,,
"Nutshell","Believe It Or Not","25","1979","Myrrh","MYR1084","VG+","VG+",,,
"Oliver Onions","Santa Maria","25","1980","Polydor","2374 167","NM","NM",,,
"Otis Redding","Star-Collection","25","1973","Midi","MID20 043","VG+","VG+",,,
"P.S. Corporation","Oltime Party (Original Dixieland)","25","1974","CBS","88051","VG+","VG+",,,
"Passport","Iguacu","25","1977","Atlantic","ATL50 341","VG","VG+",,,
"Passport","Doldinger Jubilee '75 (Gatefold)","25","1975","Atlantic","ATL 50 186","VG+","G",,,
"Pat Benatar","Precious Time","25","1981","Chrysalis","203 894","VG+","VG+",,,
"Pat Boone","Tenderly","25","1959","London Records","HAD.2204, HA-D 2204","VG+","VG+",,,
"Pat Boone","The Best Of - 22 Original Hits","25","1980","Warwick","WW 5089","NM","NM",,,
"Pat Boone","Speedy Gonzales","25","1974","Metronome","200.186","VG+","VG+",,,
"Patrick Gammon","Don't Touch Me","25","1979","Motown","1C 064-63 003","NM","VG+",,,
"Paul Anka","The Original Hits Of Paul Anka","25","1974","Embassy","EMB 31054","VG+","VG+",,,
"Paul Anka","Live In New York","25","1975","RCA","FCL1 7153","VG+","VG+",,,
"Paul Anka","Forever -32Hits and the Story of Paul Anka (2LP)","30","1980","RCA","CL 42933","VG+","VG+",,,
"Paul Anka","Golden Songs","25","1981","HEP","HN4091","NM","VG+",,,
"Paul Anka","Hits Of Yesterday","25","1983","CBS","CBS CL466474","VG+","VG+",,,
"Paul Anka","The Best Of","25","1971","RCA","INTS1267","VG+","VG+",,,
"Paul Young","No Parlez","25","1983","CBS","25 521","VG+","VG+",,,
"Paul Young","The Secret Of Association","25","1985","CBS","CBS26234","VG+","VG+",,,
"Peaches and Herb","Sayin' Something","25","1981","Polydor","PD-1-6332","VG+","VG",,,
"Percy Sledge","Star-Collection","25","1973","Midi","MID20019","VG+","VG+",,,
"Percy Sledge","Star-Collection vol.2","25","1973","Midi","MID20065","VG+","VG+",,,
"Pete Bardens","Speed Of Light","35","1988","Cinema/Capitol","7 48967 1","VG+","VG+",,,
"Pete Seger","We Shall Overcome","20","1970","AMIGA","8 45 038","VG+","VG+",,,
"Pete Tex","Plays Golden Saxophon Hits","20","1975","BASF","17 22495-3","VG+","VG+",,,
"Peter & Gordon","The Best Of","25","1978","MFP","1A022-58030","VG+","VG+",,,
"Peter Frampton","Frampton Comes Alive (Double LP)","40","1976","A&M","AMLM63703","VG+","VG+",,,
"Peter Frampton","Where I Should Be","35","1979","A&M","AMLK63710","NM","NM",,,
"Peter Frampton","Premonition","30","1986","Atlantic","81290-1","VG+","VG+",,,
"Peter Frampton,  Bee Gees & Various","Sgt. Pepper's Lonely Hearts Club Band (OST)(2LP)","50","1978","RSO","2658 128","VG+","VG+",,,
"Peter Hofmann","Rock Classics","25","1982","CBS","85 965","VG+","VG+",,,
"Peter Kent","The Dream Maschine Part 1&2","30","1980","Electrola","064-46012","NM","NM",,,
"Peter Shilling","120 Grad","35","1984","WEA","240 480-1","VG+","VG+",,,
"Peter Tosh","Bush Doctor","30","1978","EMI Electrola","1C 064-61 708","VG+","VG",,,
"Peter, Paul and Mary","Star Collection","15","1972","Midi","MID26001","VG+","VG",,,
"Peter, Paul and Mary","The Best Of","20","1967","Warner Bros.","WS1683","VG+","VG+",,,
"Peter, Paul and Mary","The Most Beautiful Songs (2LP)","30","1972","Warner Bros.","WB 66015","NM","NM",,,
"Petula Clark","Profile","25","1977","Vogue","6.24272","VG+","VG+",,,
"Ph.D.","Ph.D.","30","1981","WEA","WEA 99150","NM","NM",,,
"Phil Carmen","Wise Monkeys","25","1986","Metronome","829 051-1","VG+","VG+",,,
"Phil Carmen","City Walls","25","1987","Metronome","831 558-1","NM","NM",,,
"Phil Carmen","Live In Montreaux","25","1978","Metronome","833 527-1","VG+","VG+",,,
"Philip Bailey","Chinese Wall","25","1984","CBS","26161","VG+","VG+",,,
"Phillysound","The Fantastic Sound Of Philadelphia","20","1974","Philadelphia","PIR80281","VG","VG",,,
"Phillysound 2","The Fantastic Sound Of Philadelphia","20","1975","Philadelphia","PIR80733","VG+","VG",,,
"Phyllis Nelson","I Like You","25","1985","Carrere","CAR 829 086-1","NM","VG+",,,
"Poco","Ghost Town","35","1982","Atlantic","ATL K 80 902","NM","NM",,,
"Pointer Sisters","Energy","20","1978","Planet Records","PL52 107","VG+","VG",,,
"Pointer Sisters","Priority","20","1979","Planet Records","PL 52 161","VG+","G",,,
"Precious Wilson","On The Race Track","25","1980","Hansa Int.","202 912-320","VG+","VG+",,,
"Private Lives","Prejudice and Pride","25","1984","EMI","1C 064 2401361","VG+","VG+",,,
"R.Dean Taylor","I Think Therefore I Am","25","1970","Rare Earth","RS 522","NM","NM",,,
"Rainbirds","Rainbirds","25","1987","Mercury","834 023-1","VG+","VG",,,
"Rainbirds","Call Me Easy Say I'm Strong Love Me My Way It Ain't Wrong","25","1989","Mercury","838176-1","VG+","VG+",,,
"Ralph McTell","Streets Of London","25","1968","Pickwick","SHM926","VG+","VG+",,,
"Ramsey Lewis","The Best Of","25","1970","Bellaphon","Bl15109",,,,,
"Randy Crawford","Everything Must Change","25","1976","WB","K 56 328","VG+","VG",,,
"Rasa","Coming Into Full Bloom","25","1979","Lotus Eye","BBT S-17","NM","VG+",,,
"Rasa","Setting The Scene","25","1980","Lotus Eye","BBT S-18","NM","VG+",,,
"Rasa","Transparent Media","30","1981","Lotus Eye","BBT S-21","VG+","VG",,,
"Rasa","Creation","25","1981","Lotus Eye","BBT S-20","VG+","VG+",,,
"Rasa","Universal Forum","25","1982","Lotus Eye","BBT S-22","NM","NM",,,
"Ray Conniff and The Singers","This Guy's In Love With You","20","1974","CBS","CBS 78 251","VG","VG+",,,
"Ray, Goodman & Brown","RGB II",,"1980","Polydor","PD-1-6299",,,,,
"Real Life","Heart Land","25","1983","Curb","INT 147.710","VG+","VG+",,,
"Reinhard Fendrich","Auf und Davon","25","1983","Metronome","813 363-1","NM","NM",,,
"Richard Clayderman","Concerto","30","1979","Telefunken","6.23998","NM","NM",,,
"Richard Clayderman","Traumerein 2 (Die schonsten Klaviermelodien)","25","1980","Teldec","31 412 0","NM","NM",,,
"Richard Clayderman","Ballade Pour Adeline","30","1977","Telefunken","6.23301","NM","NM",,,
"Richard Clayderman & James Last","Traummelodien","30","1990","Polystar","LP 847 542-1","NM","NM",,,
"Richie Havens","Somethin' Else Again","20",,"Verve","FVS9526","VG","G",,,
"Rick Grech","The Last Five Years","35","1973","RSO","2394 111","NM","NM",,,
"Rick Nelson","The Very Best Of","20","1975","United Artists","UA-LA330E","VG+","VG+",,,
"Rick Springfield","Hard To Hold (Soundtrack Recording)","30","1984","RCA","BL84935","VG+","VG+",,,
"Rick Springfield","Tao","35","1985","RCA","PL 85370","VG","VG+",,,
"Ricky Kings","Rock'N'Roll Party","25","1984","Epic","26158","NM","NM",,,
"Rita Coolidge","Love Me Again (Gatefold Cover)","20","1978","A&M","AMLH64699","VG","VG",,,
"Rita Coolidge","Never Let You Go","35","1983","AM records","AMLH64914","VG+","VG+",,,
"Ritchie Francis","Song Bird (Gatefold Cover)","25","1971","Global","26 006-7","VG+","VG+",,,
"Rob Hoeke Boogie Woogie Quartet","That's Boogie Woogie","25",,"Fontana","6428 011","VG+","VG+",,,
"Robert Palmer","Double Fun","25","1978","Island","ILPS 9476","VG","VG",,,
"Robert Tepper","No Easy Way Out","20","1986","Bellaphon","260-14-039","VG+","VG+",,,
"Rod Stewart","A Night On The Town","30","1976","Warner Bros.","WB56 234","VG+","VG+",,,
"Rod Stewart","Foot Loose & Fancy Free","25","1977","Warner Bros.","WB65 423","VG","VG",,,
"Rod Stewart","Tonight I'm Yours","40","1981","Warner Bros","WB K 56 951","NM","NM",,,
"Rod Stewart","Greatest Hits","35","1979","Warner Bros","WB 56744","VG+","VG",,,
"Rodgers and Hammerstein","The Sound Of Music - Movie Soundtrack","20","1965","RCA Victor","LOCD 2005","G","VG",,,
"Roger Champman and The Shortlist","Live In Hamburg","25","1979","Acrobat","C 064-63 482","VG+","VG",,,
"Roger Whittaker","The Best Of Roger Whittaker 2","25","1976","Aves","69.020","NM","NM",,,
"Rondo Veneziano","Rondo Veneziano","25","1980","Baby Records","BR56011","VG+","VG+",,,
"Rondo Veneziano","Venezia 200","25","1983","Baby Records","42 174 3","VG+","VG",,,
"Rondo Veneziano","Fantasia Veneziana","25","1986","Baby Records","13 028 6","VG+","VG",,,
"Roy Orbison","Mystery Girl","30","1989","Virgin","209 576","NM","VG+",,,
"Rubettes","Little Darling","30","1975","State Records","2309 004","NM","NM",,,
"Rupert","Tribute to Elvis (3LP)","25","1975","Copyrite","CR8101","VG","G",,,
"Russ Ballard","The Fire Still Burns","25","1985","EMI America","1C 064-24 0367","VG+","VG",,,
"Saga","Behaviour","35","1985","Polydor","825 840-1","VG+","VG+",,,
"Saga","Images At Twilight","30","1976","Polydor","2391 437","VG+","VG",,,
"Saga","In Transit","35","1982","Polydor","2374 200","VG+","VG+",,,
"Saga","Silent Knight","35","1980","Polydor","2374 166","VG+","VG+",,,
"Sailor","Greatest Hits vol.1","20","1978","Epc","EPC82754","VG","VG",,,
"Sailor","The Third Step (Gatefold)","25","1976","Epic","EPC 81701","VG+","VG+",,,
"Sailor","Trouble","25","1975","Epic","EPC 69192","VG+","VG",,,
"Sal Paradise","Shimmer","20","1984","Arista","206 156","VG","VG+",,,
"Sally Oldfield","Easy","25","1979","Castle","CLALP102","VG+","VG+",,,
"Sally Oldfield","Femme","30","1987","CBS","4510341","VG+","VG+",,,
"Sally Oldfield","Playing in the Flame","30","1981","Bronze","204140-320","VG+","VG+",,,
"Sam & Dave","Soul Man","25","1967","Atlantic","STAX S725","VG","VG",,,
"Sam The Sham and The Pharaohs","Their Second Album","20","1965","MGM","SE-4314","VG+","VG+",,,
"Sammy Davis","Star Collection","20",,"Midi","MID24005","VG+","VG",,,
"Sammy Davis Jr.","Hearin' is Believin'","25","1979","RCA","PL40801","VG+","VG+",,,
"Santa Esmeralda & Leroy Gomez","Don't Let Me Be Misunderstood","20","1977","Philips","9101149","NM","VG+",,,
"Santana","Santana's Greatest Hits","20","1974","CBS","CBS69081","VG","G",,,
"Saragossa Band","Saragossa Band","25","1979","Ariola","34 279 0","VG+","VG",,,
"Secret Service","Oh Susie","30","1980","Strand","31 705 7","VG+","VG+",,,
"Shakatak","TheVery Best Of","30","1988","Arcade","LP 01.3690.21","VG+","VG+",,,
"Shakatak","Out Of This World","25","1983","Polydor","815 304-1","NM","NM",,,
"Shakatak","Drivin' Hard","25","1981","Polydor","2383 607","NM","VG+",,,
"Shakatak","Invitations","25","1982","Polydor","2383 652","VG+","VG+",,,
"Shakatak","Down On The Street","20","1984","Polydor","823 304-1","VG+","VG",,,
"Shakin' Stevens","Shaky","30","1981","Epic","913855","NM","VG+",,,
"Shakin' Stevens","The Bop Won't Stop (Gatefold)","35","1983","Epic","EPC86301","NM","NM",,,
"Shakin' Stevens","Jetzt kommt Shaky (Best of) (Gatefold)","30","1983","Epic","EPC SHAKY100","NM","NM",,,
"Shakin' Stevens & The Sunsets","From Memphis to New Orleans","25","1983","Teldec","6.25605AO","NM","VG+",,,
"Shanana","Shanana","25","1971","Kama Sutra","2319 007","VG+","VG+",,,
"Sheila B. Devotion","Singing In The Rain","25","1977","Carrere","67.187","VG","VG+",,,
"Shirley Bassey","Big Spender","25","1973","Sunset","SLS 50 262 Z","NM","NM",,,
"Shirley Bassey","Good Bad but Beautiful","25","1975","United Artists","UAS 29 881 XO","NM","VG+",,,
"Shirley Bassey","Gold Collection (Double LP)","30","1979","Liberty","1C 2LP 134","VG+","VG+",,,
"Shirley Bassey","Shirley Bassey (Double LP)","30","1974","MFP","1M 146 - 50 292","NM","VG+",,,
"Shirley Bassey","Love, Life and Feelings","15","1976","United Artists","UA-LA605G","VG","VG",,,
"Shirley Bassey","And I Love You So","20","1972","United Artists","1C 064-94072","VG+","VG",,,
"Shirley Bassey","Something","25","1970","United Artists","UAS29100","VG+","VG+",,,
"Siegfried Schwab & Peter Horton","Guitarissimo","15","1978","Nature"," 0060.131","VG+","VG+",,,
"Silver Convention","Madhouse","30","1976","Jupiter Records","28 222OT","VG+","VG",,,
"Simple Minds","New Gold Dream (81-82-83-84)","25","1982","Virgin","204 965","VG","VG",,,
"Skiffle","The Best Of Skiffle","20","1974","2001 Metronome","200.194","NM","NM",,,
"Sky","Sky","25","1979","Ariola","200 589","NM","NM",,,
"Sky","Sky III","25","1981","Ariola","32 848 4","VG+","VG",,,
"Sky","Masterpieces -The Very Best of Sky (Gatefold)","25","1984","Telstar","STAR2241","VG+","VG",,,
"Sly Fox","Lets Go All The Way","35","1985","Capitol","064-24 0291-1","VG+","VG+",,,
"Sniff 'n' the Tears ","Fickle Heart","30","1978","Chiswick","0067.065","VG+","VG+",,,
"Soeur Sourire","The Singing Nun","10","1963","Philips","PCC-203","VG","VG",,,
"Sonny & Cher","The Sonny & Cher Collection","30","1990","WEA","9548-30152","VG+","VG+",,,
"Spargo","Good Time Spirit (Gatefold)","25","1980","Papagayo","1C 064-46 182","VG+","VG",,,
"Spotnicks","If You Could Read My Mind","15","1972","Polydor","62 199","VG+","VG+",,,
"Spotnicks","On Tour","20","1972","Karussel","2499050","VG+","VG+",,,
"Spotnicks","Something Like Country","20","1972","Polydor","248 112","VG+","VG+",,,
"Spotnicks","Recital des Spotnicks a Berlin","25","1974","President","KVP308","VG","VG+",,,
"Stanley Clarke","School Days","20","1976","Nemperor RecordsNE 50 296","NE 50 296 ","VG+","G",,,
"Stars On '45","Long Play Album vol. 2","35","1981","CNR","655.130","VG+","VG",,,
"Status Quo","1+9+8+2","35","1982","Vertigo","6 302 189","VG+","VG+",,,
"Status Quo","Hello!","35","1973","Vertigo","6360 098","VG+","VG+",,,
"Status Quo","Live (2LP)","25","1977","Capitol","SKBB-11623","VG","VG",,,
"Status Quo","Rockin' Around With…","30","1983","SuperStar","SU1018","VG+","VG+",,,
"Status Quo","Whatever You Want","35","1979","Vertigo","6360 175","NM","NM",,,
"Steve Goodman","The Best Of The Asylum Years Vol. One","20","1988","Red Pajamas","RPJ-006","VG+","VG",,,
"Summer","Flying Home","30","1979","Touchstone","BBT 113T","VG+","VG+",,,
"Supermax","World Of Today","30","1977","Atlantic","ATL50423","VG+","VG",,,
"Supertramp","…famous last words…","45","1982","A&M","AMLK63732","NM","NM",,,
"Supertramp","Crime Of The Century","45","1974","A&M","AMLS68258","VG+","VG+",,,
"Supertramp","Die Songs Einer Supergrupe (Best Of)","25","1984","A&M","AMTV4","VG","VG",,,
"Sybil","Sybil","30","1989","Metronome","841 762-1","VG+","VG+",,,
"Syd Lawrence & His Orchestra","Glenn Miller Hits (2 LP)","25","1980","Philips","61 590","VG+","VG+",,,
"Tammy Wynette","Greatest Hits Volume II","20","1971","Epic","E30733","G","VG",,,
"Tax","Tax","20","1980","Jupiter Records","6.24819","VG+","VG",,,
"Teaze","One Night Stands","25","1979","Aquarius Rec.","AQR523","VG+","VG",,,
"Ten Sing Norway","Something So Strong","20","1988","Tria Music","20.227","VG+","G",,,
"Terry Dolan & The Pirates","Wind Dancer","30","1981","Rag Baby","INT147 408","VG+","VG+",,,
"The  Weather Girls","Success","20","1983","CBS","CBS25719","VG+","G",,,
"The Alan Parsons Project","Eve (Gatefold)","35","1979","Arista","201 157","VG+","VG+",,,
"The Alan Parsons Project","Pyramid","35","1978","Arista","064-60 792","NM","VG+",,,
"The Alan Parsons Project","Tales Of Mistery amd Imagination -Edgar Allan Poe","30","1976","20thCentury","6370 243","VG+","VG",,,
"The Ambassador-Plaza Quintet","The Cosy Corner Bar","20",,"Amanda","AVRS 18009","VG+","VG",,,
"The Andrews Sisters","The Immortal Hits Of The Andrews Sisters","30","1988","The Entertainers","ENT LP 13067","NM","NM",,,
"The Animals feat. Eric Burdon","Let It Rock","30","1973","Intercord","INT 128.611","NM","NM",,,
"The Band of the Grenadier Guards","National Hymnen","25","1978","Decca","6.23 618","VG+","VG",,,
"The Beach Boys","Beach Boys","25","1976","EMI Electrola","64 505","VG+","VG",,,
"The Beach Boys","The Beach Boys","25","1970","MFP","MFP 5484","VG+","VG+",,,
"The Beach Boys","The Beach Boys","30","1965","MFP","MFP 5235","NM","NM",,,
"The Beach Boys","The Best of The Beach Boys vol.3","25","1968","Capitol","1C 048-80 059","VG","VG",,,
"The Beach Boys","The Very Best Of The Beach Boys (Anthology 1963-69)","25","1974","EMI Electrola","1 C 152-81482/83","VG+","VG",,,
"The Beachboys","All Time Greatest Hits (Double LP)","40","1974","Capitol","1A 138-81675","NM","NM",,,
"The Belle Stars","The Belle Stars","25","1983","Stiff Records","6.25456","VG+","VG+",,,
"The Box","Closer Together","25","1988","Westpark","87005","VG+","VG+",,,
"The Casuals","Hour World","20","1969","Vogue","MDINT 9751","VG","VG",,,
"The Catch","Walk The Water","20","1986","Metronome","829014-1ME","VG+","VG",,,
"The Cats","The Best Of The Cats","35","1980","MFP","1A022-58021","NM","NM",,,
"The Cats","The Story Of The Cats","30","1983","EMI","1A 046-26926","NM","NM",,,
"The Cats","Supergold (Double LP)","35","1979","EMI/Horzu","134-26327","VG+","VG+",,,
"The Chris Hinze Combination","Saliah (2LP)","30","1984","Keytone","KYT 745/46","VG+","VG+",,,
"The Crusaders","At Their Best","30","1982","Motown","230-15-070","VG+","VG",,,
"The Dirty Strangers","With Their Friends Ron Wood & Keith Richards","20","1988","TRC","TRC0006","G","VG",,,
"The Don Kirshner Concept ","Don Kirshner Cuts ""Hair""","30","1969","RCA Camden","CAS 10 259","NM","NM",,,
"The Doobie Brothers","The Captain and Me","35","1973","Warner Bros.","WB46 217","VG+","VG+",,,
"The Dubliners","On The Road","25","1973","Transatlantic","200.158","VG+","VG+",,,
"The Dubliners","Pop Diamonds","25","1974","Transatlantic","0044.018","NM","VG+",,,
"The Dubliners","The Best Of","25","1974","Hallmark","SHM 857","VG+","VG+",,,
"The Dubliners","The Best Of (2LP)","30","1972","Transatlantic","TRA 2-158","NM","VG+",,,
"The Dubliners","The Dubliners in Concert","25","1970","Hallmark","SHM 682","VG+","VG+",,,
"The Dubliners","Greatest Hits","25",,"Fun","FUN9033","NM","NM",,,
"The Dudek,Finnigan,Krueger Band","DFK","25","1980","CBS","CBS 83523","VG+","VG+",,,
"The Everly Brothers","Stories We Could Tell","20","1972","Camden","CDS 1142","VG","VG",,,
"The Flying Pickets","Lost Boys","35","1984","10 Records","206 299","VG+","VG+",,,
"The Fortunes","Greatest Hits","25","1985","BR Music","BRLP 27","VG+","VG+",,,
"The Hollies","""What Goes Around…""","30","1983","WEA","24-0198-1","NM","NM",,,
"The Hollies","Pop Power","30","1976","Polydor","2459 601","VG+","VG+",,,
"The Hollies","The Hollies","30","1977","Polydor","2438 104","NM","NM",,,
"The Hollies","Bus Stop","20","1966","EMIDisc","048-EMD-50732","VG+","VG",,,
"The Isley Brothers","Grand Slam","30","1981","Tnek","AL37080","VG+","VG+",,,
"The Jacky's","Boogie- Rock'n'Roll & Blues","25","1982","EMI","13 C058-76095 S","VG+","VG",,,
"The Kids","The Kids","15","1979","Mercury","9198 526","VG+","VG+",,,
"The Kingston Trio","The Best Of","20","1975","Capitol","SM1705","VG+","VG+",,,
"The Kinks","Ihre 20 grossten Hits","25","1978","Arcade","ADE G 56","VG+","VG",,,
"The Knack","Get The Knack","30","1979","Capitol","27 300-3","VG+","VG+",,,
"The Les Humphries Singers","20 Grossten Hits","20",,"Arcade","ADE G 16","NM","NM",,,
"The Les Humphries Singers","Hits Of Yesterday","20","1982","Telefunken","91 433 3","NM","NM",,,
"The London Symphony Orchestra","Rhapsody In Black","20","1979","K-Tel","ONE1063","VG","VG",,,
"The London Symphony Orchestra","Classic Rock","25","1977","Polydor","2374 133","VG+","VG",,,
"The Lords","The Best Of","30","1969","Columbia","1 C 048-29 783","VG+","VG+",,,
"The Lords","The Best Of The Lords","25","1972","EMI/Columbia","1 C 048-29 783","VG+","VG+",,,
"The Magic Platters","Welthits zum Traumen","20","1987","Dino","1471","NM","NM",,,
"The Manhattan Transfer","Live","25","1987","Atlantic","781 723-1","VG+","VG+",,,
"The Manhattan Transfer","Coming Out","30","1976","Atlantic","ATL 50291","VG+","VG+",,,
"The Manhattan Transfer","Pastiche","20","1978","Atlantic","ATL 50 444","VG","VG+",,,
"The Manhattans","That’s How Much I Love You","20","1974","Columbia","BL 33064","VG","G",,,
"The Marshall Tucker Band","Long Hard Ride","20","1976","Capricorn Rec.","2429 140","VG+","G",,,
"The Marshall Tucker Band","Dedicated","40","1981","Warner Bros.","WB56887","NM","NM",,,
"The Mike Leander Orchestra","Privilege (Soundtrack)","15","1967","Vogue","LDVS17136","VG+","VG+",,,
"The Moody Blues","The Other Side Of Life","20","1987","Melodia -USSR","С60 26203 009","VG+","VG",,,
"The Moody Blues","Every Good Boy Deserves Favour","25","1971","Threshold","6.22165","VG+","VG",,,
"The Multicoloured Shades","Sundome City Exit","30","1987","Virgin","208 320","NM","NM",,,
"The Oak Ridge Boys","Greatest Hits","30","1980","MCA Records","203 073","NM","NM",,,
"The Outfield","Play Deep","35","1985","CBS","CBS26594","VG+","VG+",,,
"The Outfield","Voices Of Babylon","35","1989","CBS","463445 1","NM","NM",,,
"The Palmer Band","What's In Front Of You","30","1980","Prisma","1C064-46044A","NM","NM",,,
"The Platters","Only You","30","1987","Babylon","F/80016","NM","NM",,,
"The Rattles","The Witch / Kingdom Of Love (Maxi Single)","10","1988","ACT (4), Mercury","872 533-2","VG+","VG+",,,
"The Rattles","The Rattles!","25","1974","Fontana","6434 162","VG+","VG+",,,
"The Riats","The Greatest Evergreens","20","1969","Iris Records","15.041","VG","VG",,,
"The Ritchie Family","Give Me A Break","30","1980","Imavox","IM-30.114","VG+","VG+",,,
"The Runaways","Rock Heavies","25","1978","Mercury","6336 625","NM","VG",,,
"The Searchers","The Golden Hour Of ","25","1972","Golden Hour","GH541","VG+","VG",,,
"The Searchers","Second Take","25","1972","RCA","PJL1-8009","NM","VG+",,,
"The Searchers","Hits Collection","25","1987","PRT Records","6.26697","VG+","VG+",,,
"The Searchers","Needles & Pins","25","1971","Hallmark","HMA203","NM","NM",,,
"The Seekers","Remember The Golden Years (Double LP)","30",,"Horzu Exclusiv","148-06 535/36","NM","NM",,,
"The Seekers","The Four & Only Seekers","25","1969","MFP","MFP5025","NM","NM",,,
"The Shadows","Live (2LP)","30","1975","MFP","MFP1018","VG+","VG",,,
"The Shadows","The Shadows","25","1966","MFP","MFP5501","VG+","VG",,,
"The Shadows","The Shadows Story","20","1971","Columbia","5C 052-04831","VG+","VG",,,
"The Shadows","The Shadows","20",,"Emidisc","1 C 048-51 765","VG","VG",,,
"The Shadows","Out Of The Shadows","25",,"Emidisc","C 048-50 726","NM","NM",,,
"The Shadows","The Best Of (Double LP) (Cu Autografe)","40","1972","EMI/Columbia","148-04 860","NM","NM",,,
"The Shakin' Piramids","Skin'em Up","15","1981","Virgin","V2199","G","G",,,
"The Spotnicks","Le Tour Du Monde (Cutie cu 4 LP)","35",,"President","COFF901","VG+","VG",,,
"The Spots","Beat, Beat, Beat","15","1967","Europa","E174","VG+","VG",,,
"The Stanky Brown Group","If The Lights Don't Get You","25","1977","Sire","SA7529","VG+","VG+",,,
"The Style Council","Our Favourite Shop","20","1985","Polydor","825 700-1","VG+","G",,,
"The Teens","Teens & Jeans & Rock'n'Roll","20","1979","Hansa","200 845","VG","VG+",,,
"The Walker Brothers","The Walker Brothers Story (2LP)","30","1966","Philips","DBL002-A","VG+","VG+",,,
"The Weather Girls","The Weather Girls","25","1988","CBS","460470 1","VG+","VG+",,,
"The Who","Live At Leeds (Red Lettering)","40","1970","Track","2406 001","G","G",,,
"Thelma Houston","The Devil In Me","25","1977","Motown","1C 064-60140","VG","VG",,,
"Them Featuring Van Morrison","Them Featuring Van Morrison","25","1979","Decca","6.24005AL","VG+","VG+",,,
"Three Dog Night ","Naturally (Gatefold)","30","1970","Probe","1C 062-91907","VG","VG",,,
"Tom Jones","At The Talk Of The Town (Live)","20","1967","Decca","SLK16483-P","VG","VG",,,
"Tom Jones","Seine 20 Grossten Erfolge","20",,"K-Tel","TG 1183","VG+","VG+",,,
"Tom Jones / Engelbert Humperdinck","Compilatie","20","1972","Balkanton","BTA 1472","NM","VG+",,,
"Tom Scott","Desire","30","1982","Elektra","MUS K 52411","VG+","VG+",,,
"Tommy Reilly","Wandrin' Star","25","1971","Polydor","238-029","VG+","VG",,,
"Tony Christie","Ladies' Man","25","1980","RCA Victor","PL28382","NM","NM",,,
"Tony Stone","For A Lifetime","30","1987","Ensign/Chrysalis","209 359","NM","NM",,,
"Tower Of Power","Ain't Nothin' Stoppin' Us Now","20","1976","CBS","CBS81572","VG+","G",,,
"Traks","Long Train Runnin'","30","1982","Polydor","2374 201","VG+","VG+",,,
"Traks","Get Ready","25","1983","Polydor","813 243-1","VG+","VG+",,,
"Transister","Zig-Zag","25","1979","Ariola","201 163-320","NM","NM",,,
"Truck Stop","Truckin' On New Tracks","15","1976","Telefunken","6 22 407","VG+","VG+",,,
"Ultravox","Vienna","35","1980","Chrysalis","202 701-320","VG","VG+",,,
"Van Morrison","Astral Weeks","20","1972","Midi","MID 26 004","VG","G",,,
"Various Artists","Against All Odds OST","35","1984","Atlantic","780 152-1","VG+","VG",,,
"Various Artists","Filme - Die Man Nicht Vergist (Muzica de film) (2LP)","30",,"United Artists","UAS 29 126/27 X","VG+","VG+",,,
"Various Artists","Jesus Super Soul","30",,"Polydor","2480 065","VG+","VG+",,,
"Various Artists","More Dirty Dancing","25","1988","RCA","BL 86965","VG+","VG+",,,
"Various Artists","Pretty Woman - Soundtrack","30","1990","EMI USA","MTL 1052","VG+","VG+",,,
"Various Artists","Staying Alive OST","25","1983","RSO","813269-1","VG","G",,,
"Various Artists","Greenpeace - Rainbow Warriors (2LP)","35","1989","Geffen","XGHS24236","VG+","VG+",,,
"Various Artists","Thank God It's Friday -Soundtrack (2LP)","30","1978","Casablanca","NB7041","VG","VG",,,
"Various Artists","Volunteer Jam VII hosted by Charlie Daniels Band","25","1981","Epic","AL37178","NM","VG+",,,
"Various Artists","Super Italia","30","1985","K-Tel","TG1571","NM","NM",,,
"Vice","Second Excess","25","1990","Ariola","210 534","VG+","VG+",,,
"Viktor Lazlo","Viktor Lazlo","30","1987","Polydor","832 147","VG+","VG+",,,
"Viktor Lazlo","She","30","1985","Polydor","827 958-1","VG+","VG+",,,
"Village People","Cruisin'","25","1978","Metronome","0900.112","VG","VG",,,
"Village People","Macho Man","30","1978","Telefunken","6.23 449","VG+","VG+",,,
"Village People","Go West","25","1979","Metronome","0060.183","VG+","VG+",,,
"Village People","Cruisin'","25","1978","Casablanca","NBLP7118","VG+","VG+",,,
"Village People","I Am What I Am - The Best Of Village People","30","1979","Telefunken","6.23.697","VG+","VG+",,,
"Vince Webber","Piano Blues & Boogie Woogie","20","1975","EMI Electrola","C 062-29 597","G","VG",,,
"VOG","VOG","25","1981","RCA Victor","PL 28466","VG+","VG+",,,
"Warren Schatz","Warren Schatz","15","1971","Intercord","26014-1","VG","VG",,,
"Werner Muller Orchestra","Werner's Muller's Grosse Musical Show","10",,"Decca","BLK 16 310-P","VG","G",,,
"Wilson Pickett","Star Collection vol.1","25","1972","MIDI","MID 20 017","VG+","VG+",,,
"Wilson Pickett","Star Collection vol.2","25","1974","MIDI","MID 20 078","VG+","VG+",,,
"Wilson Pickett","Star Collection","25","1972","MIDI","MID 20 017","VG+","VG+",,,
"Womack & Womack","Conscience","35","1988","4th & Broadway","209 139","VG+","VG+",,,
"Working Week","Working Nights","25","1985","Virgin","206 950","VG+","VG+",,,
"Working Week","Working Nights  (LP) + Stellamarina (MaxiSingle)","30","1985","Virgin","206 950/601 733","VG+","VG+",,,
"Zarah Leander","Ich weiss es wird eial (2LP)","15",,"Ariola","86 734","VG+","VG+",,,
