"Discid","Artist","Album","Pret","An","Casa de discuri","COD","Stare disc","Stare coperta",Gen,Poza,Stoc
"001","""M""","New York, London, Paris, Munich","20","1979","MCA","0062.147","VG+","VG+",,,
"766","10 C.C.","Profile","30","1979","Decca","6.24012","NM","NM",,,
"002","ABC","The Lexicon Of Love","25","1982","Vertigo","6359 099","VG","VG",,,
"802","Adriano Celentano","Viva Italia - 20 Super Songs","35","1980","Ariola","31 207 4","NM","NM",,,
"003","Al Stewart","Time Passages (Gatefold)","35","1978","RCA Victor","PL 25173","VG+","VG+",,,
"819","Al Stewart","And Shot In The dark/24 Carrots","30","1980","RCA Victor","PL 25306","NM","NM",,,
"858","Al Stewart","Indian Summer - Live (Double LP)","45","1981","RCA","PL 25391","NM","NM",,,
"004","Albert Hammond","Your World and My World","25","1981","CBS","CBS84824","VG+","VG",,,
"005","Alice","Gioielli Rubati","25","1985","EMI","1A064-118709","NM","NM",,,
"006","Alice","Per Lisa","25","1981","EMI Elecrola","1C064-18543A","NM","VG+",,,
"007","Alison Moyet","Alf","35","1984","CBS","CBS26229","NM","NM",,,
"008","Alison Moyet","Raindancing","35","1987","CBS","CBS4501521","VG+","VG+",,,
"009","Alphonso Johnson","Spellbound","20","1977","Epic","EPC82197","VG+","G",,,
"784","Amanda Lear","Sweet Revenge (Gatefold)","30","1978","Ariola","25 900OT","NM","NM",,,
"861","Amanda Lear","I Am A Photograph (+Full Color Poster)","35","1977","Ariola","25473OT","NM","NM",,,
"010","Ananta","Night and Daydream","35","1978","Touchstone","BBT 112-T","NM","NM",,,
"011","Andersson, Rice, Ulvaeus","Chess (Double LP)","40","1984","RCA","PL70500","VG","VG+",,,
"012","Andre Brasseur","Early Bird","25","1970","Bellaphon","Bl1599","VG+","VG",,,
"013","Andreas Vollenweider","...Behind The Gardens - Behind The Wall-...","30","1981","CBS","CBS85 545","VG+","VG+",,,
"014","Andy Gibb","Shadow Dancing","30","1978","RSO","RS 1 3034","VG+","VG",,,
"015","Andy Williams","Honey","25","1968","CBS","S 63311","VG+","VG+",,,
"016","Angelo Branduardi","Cercando l'oro (Gatefold Cover)","20","1983","Musiza","46 956 9","VG+","VG+",,,
"017","Angelo Branduardi","Cogli la prima mela (Gatefold Cover)","20","1979","Musiza","200 940","VG","VG+",,,
"018","Angelo Branduardi","Fables and Fantasies","25","1979","Musiza","200 906-320","VG+","VG+",,,
"019","Anthony Rooley and James Tyler","My Lute Awake!","30","1974","L'Oiseau","SOL336","VG+","VG",,,
"020","Antony Ventura Orchestra","Die Schonsten Melodien der Welt","15",,"Ariola","203 260","VG+","VG+",,,
"021","Apollo 100","Coutdown","30","1975","Bellaphon","BL15149","VG","VG",,,
"022","Apollonia","Apollonia","25","1988","Warner","925 594-1","VG+","VG+",,,
"708","Asia","Asia","35","1982","Geffen","GEF85577","VG+","G",,,
"023","Atma","In Transit","20","1985","Lotus","BBT-S-30","VG+","VG",,,
"024","Barbara Thompson","Heavenly Bodies","25","1986","VeraBra Rec.","No.15","VG+","VG",,,
"025","Barbara Thompson's Paraphenalia","Pure Fantasy","30","1984","VeraBra Rec.","No.8","NM","NM",,,
"026","Barbra Streisand","Guilty (Gatefold)","30","1980","CBS","CBS86122","VG+","VG+",,,
"027","Barclay James Harvest","Eyes of the Universe","25","1979","Polydor","2383 557","VG","VG",,,
"028","Barclay James Harvest","Gone To Earth","30","1977","Polydor","27684 0","VG+","VG+",,,
"029","Barclay James Harvest","The Best Of Barclay James Harvest","30","1977","Harvest","32 044 0","VG+","VG+",,,
"030","Barclay James Harvest","XII","35","1978","Polydor","2460282","VG+","VG+",,,
"031","Barry Manilow","Swing Street","25","1987","Arista","15 467 4","VG+","VG+",,,
"750","Barry Manilow","The Best Of (Gatefold)","30","1978","Arista /Horzu","1 C 064-61 754","NM","VG+",,,
"035","Bay City Rollers","Dedication","15","1976","Bell","1C 062-98177","VG","G",,,
"036","Bay City Rollers","It's A Game (Gatefold Cover)","20","1977","Arista","1C 064-99131","VG+","VG+",,,
"037","Bay City Rollers","Strangers In The Wind","20","1978","Arista","1C 064-61603","VG+","VG+",,,
"038","Bee Gees","Goldene Serie - International","25","1976","Polydor","63 974","VG+","VG+",,,
"039","Bee Gees","Here At Last ….Live (Double-Gatefold)","45","1977","RSO","2658 120","NM","VG+",,,
"040","Bee Gees","Horizontal","25","1968","Polydor","184 122","VG","VG",,,
"041","Bee Gees","Mr. Natural","25","1974","RSO","2394 132","VG+","G",,,
"042","Bee Gees","Spirits Having Flown (Gatefold)","35","1979","RSO","2394216","VG+","VG+",,,
"757","Bee Gees","Children Of The World","35","1976","RSO","2394 169","NM","NM",,,
"805","Bee Gees","Portrait of the Bee Gees","25","1973","Polydor Special","2482 091","VG+","VG+",,,
"866","Bee Gees","Best (Double LP)","35","1973","Karusell","2674 007","VG+","VG+",,,
"044","Bernie Paul","It's A Wild Life","25","1981","Ariola","91 318 6","NM","NM",,,
"045","Beverley Craven","Beverley Craven","40","1990","Epic","467053 1","NM","NM",,,
"047","Bill Haley and His Comets","Rip It Up!","15","1968","Coral","COPS4574","VG","G",,,
"048","Bill Haley and His Comets","Rock Around The Clock -Live!","15",,"Bellaphon","BI1553","VG+","VG",,,
"049","Billy Squier","Emotions in Motion","35","1982","Capitol","1C 064-400 106","VG+","VG+",,,
"050","Billy Swan","I Can Help","25","1974","Monument","MNT80615","VG+","VG+",,,
"051","Bing Crosby","The Best of Bing","25","1974","MCA","MCF2540","VG+","VG+",,,
"052","Black Oak","Race With The Devil","35","1977","Capricorn","2476137","VG+","VG+",,,
"827","Blood Sweat & Tears","Nuclear Blues","25","1980","LA Records","31 477 3","VG","VG",,,
"754","Blood Sweat & Tears","In Concert (2LP)","40","1976","CBS","CBS22006","NM","VG+",,,
"054","Blue Roseland Orchestra","Blue Roseland Orchestra","20","1974","WAM","MLP 15.517","NM","NM",,,
"057","Bob Welch","Three Hearts","30","1979","Capitol","1 C 064-85 807","NM","NM",,,
"058","Bohannon","Hamilton Bohannon","20","1975","EMI Electrola","1 C 062-97 422","G","G",,,
"732","Boney M","The Magic Of Boney M -20 Golden Hits","45","1980","Hansa","201 666-502","VG+","VG+",,,
"064","Brenda Cochrane","In Dreams","25","1991","Polydor","849 034-1","VG+","VG+",,,
"065","Brenda Cochrane","The Voice","25","1990","Polydor","843 141-1","NM","VG+",,,
"814","Brian Ferry","Lets Stick Together","35","1976","Polydor","2302045","VG+","VG+",,,
"066","Brother Beyond","Get Even","25","1988","EMI","064-79 1069","VG+","VG",,,
"068","Carl Douglas","Kung Fu Fighter","30","1974","PYE","88 465XOT","VG+","VG+",,,
"069","Carly Simon","Torch","30","1981","WB","WB56935","VG+","VG+",,,
"070","Carmel","The Falling","25","1986","London","828 014-1","VG+","VG",,,
"071","Carolyne Mas","Mas Hysteria","30","1980","Mercury","6337 163","VG+","VG+",,,
"799","Cat Stevens","Cat Stevens","30","1973","Decca","210.005","NM","VG+",,,
"798","Cat Stevens","The Beginning Series (vol.10) (Best Of)","25","1973","Deram","NDM820","NM","NM",,,
"800","Cat Stevens","Tea For The Tillerman (Gatefold)","25",,"Island","6339020","VG+","VG+",,,
"074","Cat Stevens","Buddha and the Chocolate Box","30","1974","Island","87 801 XOT","VG+","VG+",,,
"075","Cat Stevens","Izitso","30","1977","Island","28 824XOT","NM","VG+",,,
"076","Cat Stevens","Mona Bone Jakon","30","1975","Island","85 687","NM","VG+",,,
"078","Cat Stevens","Numbers","35","1975","Island","89 680GT","NM","VG+",,,
"079","Cat Stevens","Profile","25","1979","Decca","6.24006","VG+","VG",,,
"761","Cat Stevens","Morning Has Broken","40","1981","Island","204 353","NM","NM",,,
"883","Cat Stevens","Greatest Hits","35","1975","Island","89091XOT","VG+","VG+",,,
"080","Chaka Khan","Chaka Khan","30","1982","WB","92.3729-1","VG+","VG+",,,
"081","Champaign","How 'bout Us","25","1981","Columbia","AL37008","VG+","VG",,,
"797","Charles Aznavour","J'Aime Paris","30",,"Telefunken","NT 212","NM","NM",,,
"759","Cher","The Very Best Of","30","1975","United Artists","UAS29 758 Z","NM","NM",,,
"082","Chicago","Chicago IX Chicago's Greatest Hits","20","1975","CBS","BL 33900","VG+","VG",,,
"083","Chicago","XI (Gatefold)","35","1977","CBS","JC 34860","VG+","VG+",,,
"854","Chicago","Hot Streets (Gatefold)","30","1978","CBS","CBS86069","VG+","VG",,,
"855","Chicago","X (Gatefold)","30","1976","CBS","CBS86010","VG+","VG",,,
"084","China Crises","Working with Fire and Steel","25","1983","Virgin","205 798","VG","VG+",,,
"086","Chris De Burgh","Best Moves","30","1981","A&M","AMLH 68532","NM","NM",,,
"087","Chris De Burgh","Crusader","30","1979","A&M","AMLH 64746","VG+","VG+",,,
"088","Chris De Burgh","Far Beyond These Castle Walls","30","1975","A&M","AMNP 112","NM","NM",,,
"089","Chris De Burgh","Into the Light","30","1986","A&M","395 121-1","NM","NM",,,
"090","Chris De Burgh","Man On The Line","30","1984","A&M","AMLX65002","NM","NM",,,
"091","Chris De Burgh","Spanish Train and Other Stories","30","1975","A&M","393 143-1","VG+","VG+",,,
"092","Chris De Burgh","The Getaway","30","1982","A&M","AMLH 68549","NM","NM",,,
"094","Christie","Christie","20","1979","Pronit","SX 0771","VG+","VG+",,,
"095","Christopher Cross","Another Page","25","1983","WB","92.3757-1","VG+","VG+",,,
"096","Christopher Cross","Christopher Cross","35","1979","Warner Bros.","WB 56 789","VG+","VG+",,,
"097","Chubby Checker","In Germany (Live)","20",,"Ariola","70 450 IT","VG+","VG",,,
"099","Chuck Berry","Reelin' and Rokin'","30","1984","Topline","Top 117","VG+","VG+",,,
"100","Chuck Berry","The Story of Rock and Roll","30",,"Ariola","28 911 XAT","VG+","VG+",,,
"101","Cindytalk","In this World","30","1988","Midnight","CHIME00.28 S","VG+","VG+",,,
"102","Clancy Brothers","Golden Hours with Lou Killen","20","1973","Vanguard","GH880","VG+","VG",,,
"103","Cliff Richard","Always Guaranteed","35","1987","EMI","EMD1004","VG+","VG+",,,
"104","Cliff Richard","Cliff Richard","25","1979","Amiga","8 55 682","VG+","VG+",,,
"105","Cliff Richard","I'm No Hero","35","1980","EMI Electrola","1C 064-07342","NM","NM",,,
"106","Cliff Richard","Live!","25","1972","MFP","MFP 50307","NM","NM",,,
"107","Cliff Richard","Move It (Seine besten Songs)","20","1980","EMI","F 666.947","NM","NM",,,
"108","Cliff Richard","Now You See Me","35","1982","EMI","1A064-07652","VG+","VG+",,,
"118","Clout","Substitute","25","1978","Carrere","67.289","VG+","VG",,,
"109","Coati Mundi","Little The Former 12 year old Genius","25","1983","Virgin","201 396-320","NM","VG+",,,
"110","Cock Robin","Cock Robin","35","1985","CBS","26448","NM","NM",,,
"111","Co-Co","Bad Old days","25","1978","Hansa","26 128OT","VG+","VG+",,,
"748","Collage","Shine The Light","30","1985","Solar","TSR330801","NM","NM",,,
"112","Commodores","Midnight Magic","35","1979","Motown","1C 064-63 064","VG+","VG+",,,
"113","Commodores","Natural High","35","1978","Motown","1C 064-60 942","VG+","VG+",,,
"115","Communards","Communards","30","1985","London","828 016-1","VG+","VG+",,,
"117","Connie Francis","20 Greatest Hits","20","1987","Yesterdays","15709","VG+","VG",,,
"119","Craaft","Craaft","30","1986","Epic","26880","NM","NM",,,
"864","Crosby Nash","Whistling Down The Wire","40","1976","ABC Records","ABCD-956","NM","NM",,,
"120","Culture Club","Colour By Numbers","35","1983","Virgin","205 730","NM","NM",,,
"121","Daffy","Denkanstosse","15","1979",,"53 967","VG+","VG+",,,
"122","Dalida","Die neuen Lieder ","25","1974","Ariola","88 450IT","NM","NM",,,
"123","Dalida","Die Grosse Erfolge","25","1970","Barclay","021.907","VG+","VG+",,,
"124","Dan Fogelberg","Nether Lands","30","1977","Epic","EPC 32529","NM","NM",,,
"125","Dario Domingues","The end of the Yahgan's Journey","20","1981","Trikont","LC 4270","VG+","VG+",,,
"803","Dave Dee, Dozy, Beaky, Mick & Tich","20 Greatest Hits","25","1980","Philips","34 953 0","NM","VG+",,,
"126","Dave Edmunds","Information","30","1983","Arista","205 348","NM","VG+",,,
"127","David Sanborn","A Change Of Heart","30","1987","WB","925 479-1","VG+","VG+",,,
"128","Dennis Edwards","Don't Look Any Further","15","1984","Gord-Y","ZL72148","VG","G",,,
"129","Diana Ross","Ross","35","1983","Capitol","1C 038-15 7653 1","NM","NM",,,
"130","Diana Ross","Theme From Mahogany","35","1976","Tamla Motown","TSM ST60127","VG","VG+",,,
"131","Digby Richards","Rock'n'Roll (I Gave You All The Best Years…)","30","1982","Starcall","SFL1 0107","VG+","VG+",,,
"132","Dollar","6 Song Album -Extra Price","30","1982","WEA","24.0078-1","NM","VG+",,,
"133","Don Fardon","Indian Reservation","20","1976","Intercord","125.405","VG+","VG+",,,
"135","Don Johnson","Heart Beat (Gatefold Cover)","25","1986","Epic","EPC450103 1","VG+","VG+",,,
"136","Donna Hightower","Gold","25","1976","Metronome","MLP 15.569","NM","NM",,,
"137","Donna Hightower","Here I Am","25","1974","Metronome","MLP 15.490","VG+","VG+",,,
"138","Donna Summer","Love To Love You Baby","25","1975","Oasis","OCLP 5003","VG","VG",,,
"139","Donovan","Top Artists of PopMusic","25","1981","Memory","MEM54279","VG+","VG+",,,
"140","Donovan","Catch The Wind","25","1965","Hallmark","HMA 200","VG+","VG+",,,
"141","Donovan","Colours","25","1965","Hallmark","HMA 241","VG+","VG+",,,
"142","Donovan","Donovan's Greatest Hits (Gate Fold)","25","1969","Epic","BXN 26 439","VG+","VG",,,
"143","Donovan","Golden Hour Of Donovan","25","1965","Golden Hour","GH 506","VG+","VG+",,,
"144","Donovan","Sunshine Superman (The Best Of)","30","1982","CBS","CL 32 033-3","VG+","VG+",,,
"145","Dottie West","Country and West","25","1970","RCA-Victor","LSP 4332","VG+","VG+",,,
"146","Dr. Hook","Makin' Love and Music","35","1977","Capitol","1C 038-85 156","NM","NM",,,
"147","Dr. Hook And The Medicine Show","Sylvia's Mother","30","1978","CBS","S31458","VG+","VG+",,,
"745","Dr. Hook And The Medicine Show","Sylvia's Mother","35","1972","Embassy","EMB31201","NM","NM",,,
"149","Dschinghis Khan","Dschinghis Khan -Gatefold+MaxiPoster","60","1979","Jupiter","200 690","NM","NM",,,
"150","Duane Eddy","Movin'N'Groovin'","20","1970","London","ATZ 3300","VG+","VG+",,,
"151","Dusty Springfield","Dusty Springfield (Motive Series)","25","1981","Philips","6381 044","NM","NM",,,
"152","Dutch Swing College Band","D.S.C. in Concert! (2LP)","25",,"Philips","6678 014","NM","VG+",,,
"744","Earth Wind & Fire","All 'N All (Gatefold)","30","1977","CBS","CBS82238","VG+","VG",,,
"153","Ed Welch","Clowns","25","1978","UA","UAS29248","VG+","VG+",,,
"154","Eddie Brickell & The New Bohemians","Circle","25","1988","Geffen","921 207-0","VG+","VG+",,,
"779","Eddie Cochran","Remember Me…","25","1964","Liberty","LBY 1133 F","VG","VG+",,,
"155","Eddy Grant","File Under Rock","35","1988","Parlophone","064-790341","VG+","VG+",,,
"156","Eddy Grant","Love In Exile","35","1980","ICE","INT136 101","VG+","VG+",,,
"755","Eddy Grant","Can't Get Enough","30","1981","Ice Records","INT 146.102","NM","VG+",,,
"158","Edwin Hakin Singers","Oh Happy Day - The Golden Songs","25","1974","Buddah","38 805 8","VG+","VG+",,,
"160","Ekseption","Ekseptional (The Best Of  Ekseption)","20","1973","Philips","6410 044","NM","VG+",,,
"161","Ekseption","With Love From (2LP)","35","1975","Philips","6677 025","VG+","VG+",,,
"753","Elephant","Welcome To The China Shop","35","1981","Vertigo","6435118","NM","NM",,,
"162","Elton John","A Single Man (Gatefold)","35","1978","MCA Records","MCA-3065","VG+","VG+",,,
"163","Elton John","Too Low For Zero","35","1983","Rocket Rec","811 052-1","VG+","VG+",,,
"164","Elton Motello","Pop Art","20","1980","Edge RKM","HOG1","VG","VG+",,,
"168","Elvis Presley","Forever -32Hits and the Story of a King (2LP)","10",,"RCA","PJL2-8024","G","G",,,
"804","Elvis Presley","Elvis' Love Songs","25","1979","K-Tel","TG1237","VG+","VG",,,
"170","Elvis Presley","Seine 40 Grossten Hits (2LP)","20",,"Arcade","ADE P 12","VG","VG",,,
"172","Engelbert","Portrait in Gold (2LP Box)","40","1974","Decca","SD 3029","VG+","VG+",,,
"173","Eric Bourdon Band","Comeback (Soundtrack)","30","1982","Squire","A120 190","VG+","VG+",,,
"174","Eric Carmen","The Best Of Eric Carmen","30","1987","Arista","208 916","VG+","VG+",,,
"176","Esther & Abi Ofarim","Das neue Album","20","1966","Philips","843 920PY","VG","VG",,,
"177","Esther & Abi Ofarim","Esther & Abi Ofarim (2LP)","30","1972","Philips","9299 360","NM","NM",,,
"178","Esther & Abi Ofarim","Die Ofarim-Story (2LP)","25","1972","Philips","6610 010","NM","VG+",,,
"179","Esther Philips","What A Difference A Day Makes","25","1975","CTI Records","KU23","VG+","VG+",,,
"180","Exile","All There Is","35","1979","RAK","1C 064-62 635","VG+","VG+",,,
"181","Exile","Mixed Emotions","30","1978","RAK","1C 064-61 797","NM","NM",,,
"182","Fairground Attraction","The First Of A Million Kisses","35","1988","RCA","PL71696","NM","NM",,,
"184","Fat Boys","Crushin'","30","1987","Polydor","831 948-1","VG+","VG+",,,
"185","Fats Domino","Attention!","20",,"Fontana","6430024","VG+","VG+",,,
"186","Fats Domino","Cookin' With Fats (2LP)","25","1973","UA records","UAS 29 561/62XC","VG+","VG+",,,
"187","Fats Domino","Fantastic Fats","25","1965","MFP","MFP50294","VG+","VG+",,,
"188","Fats Domino","Fantastic Fats (Sixteen of the Greatest Tracks)","20","1976","ABC Records","27 376 XAT","NM","VG+",,,
"189","Fats Domino","Fats Domino","20","1973","Everest Rec","FS-280","NM","VG+",,,
"190","Fats Domino","Here Comes The King of Rock'n'Roll","20",,"Sunset","SLS 50053 Z","VG+","VG+",,,
"191","Fats Domino","Play It Again (The VeryBest Of)","20","1975","UA records","UAS 29 467","NM","NM",,,
"192","Fats Domino","Star Collection","20","1973","Midi","MID 24006","VG+","VG+",,,
"193","Feargal Sharkey","Feargal Sharkey","15","1985","Virgin","207 320-630","VG","VG",,,
"194","Francis Lai","Bilitis - Soundtrack","20","1977","Warner Bros.","WB56412","VG+","VG",,,
"195","Frank Duval","Face to Face","25","1982","K-Tel","TG1389","VG+","VG+",,,
"862","Frank Sinatra","Ol' Blue Eyes Is Black (Gatefold)","35","1973","Reprise","WEA31 645","VG+","VG+",,,
"196","Frankie Goes To Hollywood","Liverpool","25","1986","ZTT","ZTTIQ 8","VG+","VG",,,
"197","Frankie Miller","Falling In Love","30","1979","Chrysalis","38 780 3","VG+","VG+",,,
"199","Franz Benton","Talking To A Wall","25","1986","Marlboro Music","257 924","NM","NM",,,
"198","Frida","Something's Going On","25","1982","Polydor","2311 176","VG+","VG+",,,
"200","Garland Jeffreys","American Boy & Girl","30","1979","A&M","AMLH64778","VG+","VG+",,,
"201","Garland Jeffreys","Ghost Writer (Gatefold Cover)","30","1977","A&M","AMLH64629","VG+","VG+",,,
"828","Gary Wright","The Dream Weaver","30","1975","Warner Bros.","WB 56 141","NM","NM",,,
"202","Gene Pitney","His 20 Greatest","25","1976","Arcade","ADE P22","VG+","VG+",,,
"203","Gene Vincent","Rock'n'Roll History vol.2","25",,"Capitol","1C 038-85 097","NM","VG+",,,
"204","George Baker Selection","Paloma Blanca","35","1975","Warner Bros.","WB 561 136","VG+","VG+",,,
"205","George Baker Selection","Sing A Song Of Love","35","180","MFP","1A022-58022","VG+","VG+",,,
"206","George McRae","Rock Your Baby","35","1974","T.K. Records","KPL1-0501","VG+","VG+",,,
"208","Georges Moustaki","Moustaki","25","1975","Polydor","2393 129","NM","VG+",,,
"210","Gianna Nannini","Latin Lover","25","1982","Metronome","0065.027","VG+","VG+",,,
"211","Gianna Nannini","Maschi e Altri","35","1987","Metronome","833952-1","VG+","VG+",,,
"212","Gianna Nannini","Scandalo","25","1990","Metronome","843977-1","VG+","VG+",,,
"213","Gianni Togni","Gianni Togni","25","1983","CGD","205 721","NM","NM",,,
"752","Gibson Brothers","On The Riviera","35","1980","Polydor","2374 163","NM","NM",,,
"793","Gilbert Becaud","Gilbert Becaud","25","1967","Amiga DDR","850 111","VG+","VG+",,,
"215","Gilbert O'Sullivan","A Stranger In My Own Back Yard","25","1974","MAM Records","062-EMD 98 016","VG+","VG+",,,
"216","Gilbert O'Sullivan","Back To Front","15","1972","MAM Records","MAMA503","VG+","VG+",,,
"217","Gilbert O'Sullivan","Himself (Gatefold)","20","1971","MAM Records","MAMA501","VG+","VG+",,,
"218","Gilbert O'Sullivan","I'm A Writer, Not A Fighter","15","1973","MAM Records","MAMA505","VG+","VG+",,,
"219","Gino Vannelli","Brother to Brother","15","1978","A&M","393 170-1","VG+","G",,,
"220","Glen Campbell","Basic","30","1978","Capitol","064-85 696","VG+","VG+",,,
"221","Glen Campbell","By The Time I Get To Phoenix","25","1967","Sounds Superb","SPR 90011 1","NM","VG+",,,
"222","Glenn Miller","The Legenday Sound Of Glenn Miller and his Band","25","1981","K-Tel","TG 1357","VG+","VG",,,
"223","Glenn Miller","In The Mood","25","1976","Intercord","25 108-2","VG+","VG+",,,
"226","Glenn Miller","Glenn Miller Plays Selections From The….","20","1960","RCA Victor","CL 13759","VG+","VG+",,,
"227","Glenn Miller","String of Pearls (2LP)","25","1973","Pickwick","CD2-0168D","VG+","VG+",,,
"228","Glenn Miller","Das Beste","20",,"RCA","RD 1013","VG","VG",,,
"229","Glenn Miller","Die Originalaunahmen (2LP)","25",,"RCA Victor","RCS 3105/1-2","VG+","VG+",,,
"230","Glenn Shorrock","Villain of the Peace","25","1983","Capitol","1A 064-7122221","VG+","VG+",,,
"231","Gloria Gaynor","Never Can Say Goodbye","30","1975","MGM","2315321","NM","NM",,,
"232","Godley & Creme","Goodbye Blue Sky","35","1988","Polydor","835 348-1","VG+","VG+",,,
"233","Golden Avatar","A Change Of Heart","35","1976","Sudarshan","BBT 108","VG+","VG+",,,
"234","Golden Earring's","Greatest Hits","30","1981","Polydor","2311 094","VG+","VG+",,,
"235","Goombay Dance Band","Land of Gold","30","1980","CBS","32337-8","NM","NM",,,
"236","Gordon Lightfoot","Gord's Gold (Double LP)","25","1975","Reprise","REP64 033","VG+","VG",,,
"237","Gordon Lightfoot","The Very Best Of","20","1975","UA records","UAS 29 759 Z","VG","VG",,,
"856","Gordon Lightfoot","Gord's Gold (Double LP)","35","1975","Reprise","REP64033","VG+","VG",,,
"238","G-Pal","Life (2LP)","35","2000","Plastic City","PLACLP021","VG+","VG",,,
"794","Grace Jones","Slave To The Rhytm","20","1985","Manhattan","062-24 0447","VG+","G",,,
"795","Grace Jones","Portfolio (Gatefold)","20","1976","Island","ILPS9470","VG+","VG",,,
"239","Grace Jones","Inside Story","20","1986","Manhattan","24 0643 1","VG","VG",,,
"240","Gus","Convicted","30","1980","Epic","EPC84422","NM","NM",,,
"241","Haicut One Hundred","Pelican West","25","1982","Arista","204 521","VG+","VG",,,
"242","Hank and The Bullfrogs","Hank Lorraine sings and plays Johnny Cash Hits","30","1973","AudiTon","909-2-121094","NM","VG+",,,
"243","Hank The Knife and The Jets","The Guitar King","20","1975","EMI","1C 056-97115A","VG+","G",,,
"244","Harold Melvin and The Blue Notes","Reaching For The World","20","1976","ABC Records","AB-969","VG+","VG+",,,
"245","Harry Belafonte","Harry Belafonte","20",,"Amiga","8 55 482","VG+","VG",,,
"246","Harry Belafonte","Jump Up Calypso (Gatefold)","30","1961","RCA","SRS 561","VG+","VG+",,,
"247","Harry Belafonte","Live on Stage at Carnegie Hall","25",,"RCA","6886 805","VG+","VG+",,,
"248","Hazel O'Connor","Breaking Glass","25","1980","A&M","396 943","VG+","VG+",,,
"249","Heaven 17","The Luxury Gap","30","1982","Virgin","205 337-320","VG+","VG+",,,
"250","Heaven 17","How Men Are","30","1984","Virgin","206 614-620","VG+","VG+",,,
"251","Helen Schneider","With The Kick","30","1983","WEA","24-0233-1","NM","VG+",,,
"760","Helen Schneider","Back On Track","30","1988","Epic","EPC461167","NM","NM",,,
"252","Hello","Bravo Präsentiert: Hello","30","1978","Arista","1C 038-61 424","VG+","VG+",,,
"253","Henry Paul Band","Anytime","25","1982","Atlantic","SD19325","VG+","VG+",,,
"254","Herb Alpert","Beyond","40","1980","A&M","AMLK63717","NM","NM",,,
"255","Herb Alpert","Rise","30","1979","A&M","AMLH64790","VG+","VG+",,,
"256","Herbert Gronemeyer","4630 Bochum","25","1984","EMI","1469051","VG+","VG",,,
"257","Herbert Gronemeyer","Luxus","25","1990","Electrola","1C 068-7 95068 1","VG+","VG+",,,
"258","Herman Brood & His Wild Romance","Go Nutz","25","1980","Aves","INT 146.527","VG+","VG+",,,
"259","Herman's Hermits","Greatest Hits","30","1968","EMIDisc","1C048-50727","NM","VG+",,,
"260","Hi-Gloss","Hi-Gloss","35","1981","Derby","DBR20282","VG+","VG",,,
"261","Holly Johnson","Blast","35","1989","MCA","256 395-1","VG+","VG+",,,
"262","Hot Chocolate","Bravo presentiert: Hot Chocolate","20","1976","RAK","1C 038-98 458","VG+","VG",,,
"263","Hot Chocolate","Class","25","1980","RAK","1C 074-64 174","VG+","VG+",,,
"264","Hot Chocolate","Every 1's A Winner","25","1978","RAK","1C 064-60499","VG+","VG+",,,
"265","Hot Chocolate","Going Through The Motions","25","1979","Infinity Rec.","INF9010","VG+","VG+",,,
"266","Hot Chocolate","Love Shot","30","1983","RAK","1C 064 1653831","VG+","VG+",,,
"267","Hot Chocolate","Mystery","25","1982","RAK","064-64933","VG+","VG+",,,
"268","Hot Chocolate","The Very Best Of","25","1987","Capitol","ST6556","VG+","VG+",,,
"269","Hot Chocolate","XIV Greatest Hits","25","1976","RAK","1C 062-98228","VG+","VG+",,,
"892","Howard Jones","Drean Into Action","25","1985","WEA","WX15","VG+","VG",,,
"270","Huey Lewis and The News","Small World","35","1988","Chrysalis","209 200","VG+","VG+",,,
"816","Huey Lewis and The News","Hard At Play","35","1991","EMI USA","7 93355 1","NM","NM",,,
"271","Hugh Cornwell & Robert Williams","Nosferatu","25","1979","UA","UAG30251","VG+","G",,,
"272","Humpe Humpe","Humpe.Humpe","25","1985","WEA","240 635-1","NM","NM",,,
"878","Ian Lloyd","Goose Bumps","30","1979","Scotti Brothers","26 14004","NM","NM",,,
"274","Icehouse","Primitive Man","25","1982","Chrysalis","204 980-320","VG+","VG+",,,
"275","Icehouse","Sidewalk","25","1984","Chrysalis","206 334","VG+","VG+",,,
"276","Ike & Tina Turner","Get It Together","15",,"Bellaphon","BI1533","VG+","G",,,
"277","Imagination","Body Talk","30","1981","F1 Team","LP3345","VG+","VG+",,,
"278","Imagination","Night Dubbing","25","1983","Ariola","205 443","VG+","VG+",,,
"279","Iron Butterfly","In-A-Gadda-Da-Vida","20","1968","Atlantic","ATL 40 022","VG","G",,,
"771","Isao Tomita","Pictures At An Exhibition","25","1975","RCA Victor","APL1-0838","VG","VG",,,
"280","J.","J.","20","1990","Amiga","8 56 531","VG+","VG",,,
"281","J. Boss Band","The Wind In Your Face","25","1990","Roxon","ROX7590","VG+","VG+",,,
"283","Jack Jersey","In The Still Of The Night","30","1974","Imperial","5C 052-24992","VG+","VG+",,,
"284","Jackson Browne","Hold Out","30","1980","Asylum Rec.","AS 52226","NM","VG+",,,
"710","Jackson Browne","Running On Empty","35","1977","Asylum","53070","NM","NM",,,
"285","Jacques Brel","Brel","30","1977","Barclay","0066.034","VG+","G",,,
"791","James Dean","Sound Track","25","1975","Warner Bros.","WB 56122","NM","VG+",,,
"282","James Last","Non Stop Dancing 1972","25","1972","Polydor","2371189","VG+","VG+",,,
"286","James Taylor","Dad Loves His Work","20","1981","CBS","86131","VG","VG+",,,
"289","Jelly Bean","Rock The House! (2LP)","30","1988","Chrysalis","CJB1-1","VG+","VG+",,,
"290","Jennifer Rush","Heart Over Mind","35","1987","CBS","450470-1","NM","NM",,,
"291","Jennifer Rush","Jennifer Rush","30","1984","CBS","CBS26177","VG+","VG",,,
"292","Jennifer Rush","Movin'","35","1985","CBS","CBS26710","NM","NM",,,
"293","Jermaine Jackson","Lets Get Serious","30","1980","Motown","1C064-63 370","VG+","VG",,,
"294","Jerry Harrison","Casual Gods","30","1988","Fontana","832 992-1","VG+","VG+",,,
"295","Jerry Lee Lewis and Friends","Duets (Yellow Disc)","35","1978","Bellaphon","BBS2568","VG+","VG+",,,
"296","Jesse Johnson","Every Shade Of Love","25","1988","A&M","395 188-1","VG+","VG",,,
"297","Jesse's Gang","Center Of Attraction","10","1987","Geffen","GHS 24129","G","G",,,
"785","Jim Capaldi","Whale Meat Again","25","1974","Island","ILPS9254","VG+","VG+",,,
"298","Jim Croce","Photographs & Memories","35","1985","Intercord","INT130.103","VG","VG+",,,
"299","Joan Armatrading","Walk Under Ladders","30","1981","A&M","AMLH64876","VG+","VG+",,,
"746","Joan Armatrading","Back To The Night","25","1975","A&M","AMNP110","VG+","VG",,,
"792","Joan Baez","Starparade ","20","1973","Horzu Exclusiv","1C 054-99 479","VG+","VG",,,
"823","Joan Baez","Greatest Hits","35","1972","Vanguard","C 062-93 522","NM","NM",,,
"885","Joan Baez","Live Europe 83 - Children Of The Eighties","30","1983","Ariola","205 742","VG+","VG+",,,
"891","Joan Baez","Ihre schonsten Lieder","25","1982","Vanguard","0062.184","VG+","VG+",,,
"300","Joan Faulkner& Big Band Ljublijana","Joan Faulkner& Big Band Ljublijana","25","1983","RTV","LD1213","VG+","VG+",,,
"303","Joe Cocker","Cocker Happy","30",,"Cube","853013","VG+","VG+",,,
"304","Joe Cocker","I Can Stand A Little Rain","30","1974","Cube","853004","VG+","VG+",,,
"305","Joe Cocker","Impact","30","1972","Impact","6886 554","VG+","VG+",,,
"307","Joe Cocker","Luxury You Can Afford","30","1978","Asylum","K53 087","VG+","VG+",,,
"308","Joe Cocker","Sheffield Steel","30","1982","Island","204 668","VG+","VG+",,,
"867","Joe Cocker","Cocker","35","1986","Capitol","1C 064 24 0424","NM","NM",,,
"309","Joe Dolce","Music Theatre","20","1980","Ariola","203 724","VG+","VG+",,,
"311","Joe's ""Las Vegas"" Big Band","Melodies of Brodway","20",,"Impression","63 025","VG","VG",,,
"312","John Denver","Die Superhits","25","1979","RCA","PL43048","NM","NM",,,
"313","John Denver","Dreamland Express","30","1985","RCA","PL85458","VG+","VG+",,,
"314","John Denver","Greatest Hits vol.3","35","1984","RCA","PL85313","NM","VG+",,,
"315","John Denver","Rocky Mountain High","35","1972","RCA","LSP4731","NM","VG+",,,
"316","John Denver","Seine Grossen Erfolge[Greatest Hits](2LP)","30","1978","RCA","PL42468","VG+","VG+",,,
"317","John Denver","Voice Of America - Best Songs","30","1980","RCA","PL43300","NM","VG+",,,
"318","John Denver","John Denver's Greatest Hits","20","1973","RCA","CPL1-0374","VG","VG",,,
"319","John Denver","Back Home Again (Gatefold)","20","1974","RCA","CPL1-0548","VG","VG",,,
"320","John Farnham","Whispering Jack","25","1986","RCA","PL71224","VG","VG",,,
"767","John Miles","Rebel","25","1976","London Records","820 080-1","VG+","VG",,,
"321","John Schneider","Tryin' To Outrun The Wind","10","1985","MCA ","MCA-5583","VG","VG",,,
"322","John Stewart","Bombs Away Dream Babies","30","1979","RSO","2394-228","VG+","VG+",,,
"323","John Stewart","Dream Babies Go Hollywood","30","1980","RSO","2394-255","VG+","VG+",,,
"739","John Wats","One More Twist","30","1982","EMI","064-07609","VG+","VG+",,,
"324","Johnny and The Hurricanes","You Are My Sunshine","25","1975","Contempo","6.22 103","VG+","VG+",,,
"325","Johnny Cash","Welcome To Europe","30","1975","CBS","53 658","VG+","VG",,,
"326","Johnny Cash","Great Songs Of Johnny Cash","30",,"Vintage","F50004","VG+","VG",,,
"327","Johnny Crash","Neighbourhood Threat","30","1990","Epic","466224 1","VG+","VG+",,,
"328","Jonathan Butler","More Than Friends","30","1988","Jive","6.26902","NM","NM",,,
"329","Jorge y Obo - El Duo Flamenco","Decada","30","1987","EDF","EDF – 23087","NM","NM",,,
"331","Jose Feliciano","Alive Alive-o! Live At London Palladium (2LP)","35","1969","RCA Victor","SF 8084","VG+","VG+",,,
"332","Jose Feliciano","Angela","30","1976","Private Stock","PS2010","VG+","VG+",,,
"333","Jose Feliciano","Che Sara","25","1976","RCA-Victor","27 553-7","VG+","VG+",,,
"334","Jose Feliciano","Jose Feliciano in Concert at the London Palladium","30","1969","RCA Victor","LSP-6021-1","VG+","VG+",,,
"335","Jose Feliciano","Sings","30","1972","Pickwick","CAS-2563","VG+","VG+",,,
"336","Jose Feliciano","Sweet Soul Music","25","1976","Private Stock","PVLP1015","VG+","VG+",,,
"337","Joy Fleming","Joy Fleming (Gatefold)","15","1973","Intercord","26 011-7","VG+","VG+",,,
"338","Judy Collins","Recollections","15","1969","Elektra","EKS-74055","VG","G",,,
"340","Jule Neigel Band","Schatten An Der Wand","20","1988","Intercord","INT145.109","NM","NM",,,
"341","Jule Neigel Band","Wilde Welt","15","1990","Intercord","INT 160.237","VG+","VG+",,,
"342","Julien Clerc","Les Grandes Chansons","30","1972","Prisma","054 CRY 16051","NM","NM",,,
"339","Julio Iglesias","De Nina A Mujer (Gatefold)","40","1981","CBS","CBS 85063","NM","NM",,,
"343","Justin Hayward - John Lodge","Blue Jays (Gatefold)","35","1975","Threshold","6.22 222 (AO)","NM","VG+",,,
"344","Karel Gott","Heut ist der shonste Tag in meinem Leben","20",,"Amiga","8 55 537","VG+","VG+",,,
"345","Kate Bush","The Kick Inside","20","1978","EMI","1C064-06 603","VG+","G",,,
"347","Kevin Johnson","A Man Of The 20th Century","25","1976","Nova","6.2282AS","VG+","VG+",,,
"348","Kid Creole & The Coconuts","Tropical Gangsters","25","1982","Island","204 669-320","VG+","VG+",,,
"349","Kim Carnes","Mistaken Identity","30","1981","EMI America","1A 062-400 008","VG+","VG+",,,
"350","Kim Carnes","Sailin'","30","1976","A&M","AMLE63114","VG+","VG+",,,
"733","Kim Carnes","Mistaken Identity","35","1981","EMI-Electrola","064-400 008","NM","NM",,,
"830","Kim Carnes","The Best Of You","35","1982","A&M","393 204-1","NM","NM",,,
"351","Kim Wilde","Catch As Catch Can","35","1983","RAK","1A 064-1654081","VG+","VG+",,,
"352","Kincade","Kincade","20","1973","Bellaphon","BLPS19153","VG+","VG+",,,
"353","King Curtis","Star- Collection","20","1974","Midi","MID K 30047","VG+","VG",,,
"355","King Swan","Wiseblood","35","1990","Virgin","211 111","VG+","VG+",,,
"356","Kris Kristofferson","Border Lord","25","1972","Monument","MNT 64963","VG+","VG+",,,
"357","Kris Kristofferson","Me And Bobby McGee","25","1971","Monument","MNT 64631","NM","VG+",,,
"358","Kris Kristofferson","Spooky Lady's Sideshow","25","1974","Monument","VG+T 69074","VG+","VG+",,,
"359","Kris Kristofferson & Rita Coolidge","Natural Act","25","1978","A&M","AMLH 64690","VG+","VG",,,
"360","Lake","Lake","25","1976","CBS","CBS81 661","VG+","VG",,,
"361","Lake","Paradise Island","25","1979","CBS","CBS83 480","VG","VG",,,
"362","Larry Hosford","Larry Hosford A.k.a. Lorenzo","20","1974","Shelter","SRL 52018","NM","VG+",,,
"363","Latin Quarter","Modern Times","25","1985","Rockin' Horse","ZL70840","VG","VG",,,
"364","Laurie Anderson","Mister Heartbreak","35","1984","WB","925 077-1","VG+","VG+",,,
"365","Lee Aaron","Lee Aaron","20","1982","Polydor","815 211-1","VG+","VG",,,
"366","Lee Patterson Singers","Oh Happy Day","25",,"Mercury","88 437 DY","NM","NM",,,
"368","Leo Kottke","6&12 String Guitar","30","1972","Metronome","MLP 15.565","VG+","VG+",,,
"369","Leo Kottke","Leo Kottke","15",,"Amiga","8 55 977","VG+","VG+",,,
"370","Leo Kottke","Live In Europe","20","1980","Chrysalis","202 706-320","NM","VG+",,,
"371","Leo Sayer","Living In A Fantasy","30","1980","Chrysalis","202 830-320","VG+","VG+",,,
"372","Leo Sayer","The Show Must Go On","30","1980","Pickwick","SHM 3035","VG+","VG+",,,
"373","Leo Sayer","The Very Best Of","30","1979","Chrysalis","CDL1222","VG+","VG+",,,
"374","Level 42","A Physical Presence (2LP)","30","1985","Polydor","LP 825 677-1","VG+","VG+",,,
"375","Level 42","Running In The Family","25","1987","Polydor","831 593-1","NM","VG+",,,
"376","Level 42","The Early Tapes July/August 1980","25","1980","Polydor","2383 637","VG+","VG+",,,
"377","Level 42","World Machine","25","1985","Polydor","827487-1","VG+","VG+",,,
"378","Limahl","Don't Suppose","30","1984","EMI","1C 064 24 0156","VG+","VG+",,,
"379","Linda Ronstadt","Simple Dreams (Gatefold Cover)","20","1977","Asylum","AS53065","VG","VG",,,
"380","Little Richard","King Of Rock","25","1979","Europa","111403.4","VG","VG",,,
"381","Little River Band","Backstage Pass (2LP)","50","1980","Capitol","1 C 164-86 120","NM","NM",,,
"738","Little River Band","Little River Band","25","1975","EMI","064-82 205","VG+","VG",,,
"382","Lobo","Calumet","20","1973","Philips","6369 802","NM","VG+",,,
"383","Lobo","Collection","20","1975","Atlantic","ATL20 265","VG+","VG+",,,
"384","Lobo","Just A Singer","20","1974","Philips","6369 805","NM","VG+",,,
"385","Lobo","Of A Simple Man","20","1972","Philips","62 360","VG+","VG+",,,
"386","Loek Dikker Waterland Ensemble","Tan Tango","15","1975","Waterland","WM 001","VG+","VG+",,,
"387","London Symphony Orch./cond. Ed Welch","Paul Gallico's The Snow Goose (Musical by Spike Milligan)","30","1976","RCA","RS1088","NM","NM",,,
"388","Lonnie Donegan","The Hits","25",,"MFP","MFP 50389","VG+","VG+",,,
"389","Los Paraguayos","Los Paraguayos","30",,"Amiga","8 55 265","VG+","VG+",,,
"390","Los Reyes","The Gipsy Kings of Music","35","1988","Ariola","209 377","NM","NM",,,
"765","Loverboy","Get Lucky","30","1981","CBS","CBS85402","VG+","VG+",,,
"391","Lucio Battisti","Il Meglio Di Lucio Battisti vol.1","20","1976","Numero Uno","ZNLN 33002","VG+","VG+",,,
"392","Lucio Battisti","Io Tu Noi Tutti","20","1977","Numero Uno","ZPLN 34006","NM","VG+",,,
"393","Luis Bordon","Paraguyan Harp Panorama","20",,"Metronome","KMLP328","VG+","VG+",,,
"394","Luther Vandross","Give Me The Reason","20","1986","Epic","EPC 450134 1","VG+","G",,,
"395","Luv'","Lots of Luv","40","1979","Philips","6423 117","NM","NM",,,
"396","Lynn Anderson","Lynn Anderson's Greatest Hits","20","1972","Columbia","BL 31641","VG","VG",,,
"398","Mahalia Jackson","Welcome to Europe","25","1969","CBS","SPR 32","VG+","VG+",,,
"402","Mahalia Jackson","Mahalia Jackson","20","1976","Pickup","BPU 14007","VG+","VG+",,,
"404","Mahalia Jackson","Silent Night (Stille Nacht)","20","1966","CBS","62 130","NM","NM",,,
"405","Mahalia Jackson","Swings The Gospel (Inedits vol.3)","20","1974","Vogue","LDY 28007","NM","NM",,,
"406","Man At Work","Cargo","35","1982","CBS","CBS25372","VG+","VG+",,,
"407","Manfred Man's Earth Band","Watch","35","1978","Bronze","25 762 XOT","VG+","VG+",,,
"408","Marek & Vacek","Piano Fascination","20",,"Karussell","2415 126","NM","NM",,,
"409","Marianne Faithfull","Broken English","25","1979","Island","201018","VG+","VG+",,,
"834","Marti Webb","Won't Change Places","25","1980","Polydor","2383 598","NM","VG+",,,
"806","Matt Bianco","Matt Bianco","30","1986","WEA","240 880-1","NM","NM",,,
"410","Matt Bianco","Whose Side Are You On","20","1984","WEA","WX7 240 472-1","VG+","VG+",,,
"411","Max Merritt & The Meteors","A Little Easier","25","1975","Arista","1C 062-96 968","NM","VG+",,,
"412","Mayday","Mayday","35","1981","A&M","AMLH64873","VG+","VG+",,,
"413","Maywood","Colour My Rainbow","35","1982","CNR","0060.561","VG+","VG+",,,
"414","Meat Loaf","Bat Out Of Hell","45","1977","Epic","EPC82419","VG+","VG+",,,
"415","Meat Loaf","Blind Before I Stop","30","1986","Melodia URSS",,"VG+","VG+",,,
"416","Meat Loaf","Dead Ringer","20","1981","Epic","EPC83645","G","G",,,
"417","Meat Loaf","Featuring Stony & Meat Loaf","35","1978","Prodigal","5C 052-62172","VG+","VG+",,,
"418","Melanie","Candles In The Rain (Gatefold)","15","1970","Buddah Rec.","2318 006","G","VG",,,
"419","Melanie","Golden Hour Of Melanie","25","1977","Golden Hour","GH 861","VG+","VG+",,,
"420","Melanie","Live At The Carnegie Hall","20","1970","Buddah","MED51.705","VG+","VG+",,,
"421","Melanie","Portrait (2LP)","20","1971","Buddah","DALP2/1701","VG","VG",,,
"422","Melanie","The Original","20","1971","Buddah Rec.","47.006","VG","VG",,,
"423","Melanie & The Edwin Hawkins Singers","Try The Real Thing","25","1972","Pickwick","SPC-3317","VG+","VG+",,,
"743","Melissa Etheridge","Melissa Etheridge","30","1988","Island","209 138","VG+","VG+",,,
"425","Michael And Friends","Michael And Friends","25","1979","Biber","BI 6020","VG+","VG+",,,
"426","Michel Sardou","Star Edition (2 LP)","35","1974","Barclay","0086.030","VG+","VG+",,,
"427","Middle Of The Road","The Best Of","15","1977","RCA Victor","66 237","G","G",,,
"879","Mike Batt","Starsound Collection","30","1983","Memory","296 952","NM","NM",,,
"429","Mike Berry","Memories","25","1981","Polydor","POLS 1054","VG+","VG+",,,
"430","Mike Oldfield","Crises","40","1983","Virgin","205 500-320","NM","NM",,,
"431","Mike Oldfield","Platinum","35","1979","Virgin","201 206-320","VG+","VG+",,,
"432","Mike Oldfield","QE2","30","1980","Virgin","202 967-320","VG+","VG+",,,
"742","Mike Oldfield","Incantations (Double LP)","45","1979","Virgin","VV33002","NM","NM",,,
"882","Millie Jackson","Just A Lil' Bit Country","30","1981","Polydor","2391520","NM","NM",,,
"433","Mirage","Royal Mix '89 (89 Non Stop Hits)","25","1988","Stylus Music","SMR871","NM","NM",,,
"434","Mixed Emotions","Just For You (Gatefold)","30","1988","Electrola","1C 066-7 91275","VG+","VG+",,,
"435","Mixed Emotions","Deep From The Heart","30","1987","Electrola","1C 066Y 14 7256","VG+","VG+",,,
"436","Modern Romance","Adventures in Clubland","20","1981","WEA","WEA58407","VG","VG",,,
"437","Moon Martin","Escape From Domination","25","1979","Capitol","1C 064-85 944","VG+","VG+",,,
"438","Mory Kante","Akwaba Beach","35","1987","Barclay","833 119-1","VG+","VG+",,,
"439","Mother's Finest","Mother's Finest Live","15","1979","Epic","EPC 83693","VG","G",,,
"440","Mother's Finest","One Mother To Another","25","1983","Epic","25363","NM","VG+",,,
"441","Mr. Acker Bilk","Mr. Aker Bilk Compilation","20",,"Hallmark","HMA 216","VG+","VG+",,,
"442","Munich Symphonyc Sound Orchestra","The Sensation Of Sound – Pop Goes Classic","30","1988","PolyStar","837 481-1","NM","NM",,,
"443","Neil Diamond","20 Super Hits","25","1975","MCA Records","6322133AP","VG+","VG+",,,
"444","Neil Diamond","And The Singer Sings His Song","30","1973","MCA Records","62.044","NM","NM",,,
"445","Neil Diamond","Beautiful Noise","20","1976","CBS","CBS 86004","VG+","VG",,,
"446","Neil Diamond","Brother Love's Travelling Salvation Show","20","1970","UNI Records","6369 608","VG+","VG+",,,
"447","Neil Diamond","Gold (Gatefold)","20","1970","UNI Records","6369 602","VG","VG+",,,
"448","Neil Diamond","Greatest Hits","25","1973","Bellaphon","Bl 1535","VG+","VG+",,,
"449","Neil Diamond","Heartlight","30","1982","CBS","25073","NM","NM",,,
"450","Neil Diamond","His 12 Gratest Hits","25","1974","MCA","6.21 804","VG+","VG+",,,
"451","Neil Diamond","Hot August Night (Live at the Greek Theatre) 2LP","25","1973","UNI Records","MAPS 6385","VG+","VG+",,,
"452","Neil Diamond","I'm Glad You're Here With Me Tonight","25","1977","CBS","CBS 86044","VG+","VG+",,,
"453","Neil Diamond","Jonathan Livingston Seagul (Original Sountrack)","20","1973","CBS","S 69047-1","VG+","VG+",,,
"454","Neil Diamond","Love at the Greek  (2LP)","25","1977","CBS","CBS 95001","VG+","VG+",,,
"455","Neil Diamond","Lovescape","30","1991","Columbia","468890 1","NM","NM",,,
"456","Neil Diamond","Moods","25","1972","UNI Records","62 435","VG+","VG+",,,
"457","Neil Diamond","Neil Diamond","20","1972","UNI Records","28 321-8","VG+","VG+",,,
"458","Neil Diamond","September Morn","25","1979","CBS","CBS 86096","VG+","VG+",,,
"459","Neil Diamond","Serenade","25","1974","CBS","69067","VG+","VG",,,
"460","Neil Diamond","Shilo","25","1970","Bellaphon","BLPS 19009","VG+","VG+",,,
"461","Neil Diamond","Stones","25","1971","UNI Records","6369 613","VG","VG+",,,
"462","Neil Diamond","Stones , Moods (2 Original Album Set)","30","1971","MCA","82.042-2","NM","NM",,,
"463","Neil Diamond","World Hits","25","1974","Bellaphon","Bl 15108","VG+","VG+",,,
"464","Neil Diamond","You Don't Bring Me Flowers","25","1978","CBS","86077","NM","NM",,,
"465","Neil Sedaka","Yesterday's Pop Scene - Oh, Carol!","25","1972","RCA","INTS1131","VG+","VG+",,,
"756","Neil Sedaka","The Hungry Years (Gatefold)","30","1975","The Rocket","PIG 2157","NM","VG+",,,
"781","New Musik","Anywhere (Gatefold)","30","1981","GTO Records","GTLP044","NM","NM",,,
"466","Nick Heyward","North Of A Miracle (Gatefold)","30","1983","Arista","205 765","VG+","VG+",,,
"467","Nicole McCloud","What About Me?","30","1985","CBS","PRT26844","VG+","VG+",,,
"468","Nik Kershaw","Human Racing","20","1984","MCA","250 574-1","VG+","VG",,,
"469","Nilsson","Rock'N'Roll","25",,"Pickwick","SPC3321","VG+","VG+",,,
"470","Nini Rosso","In The World","25","1979","Hansa","200 981-320","VG+","VG+",,,
"705","Nona Hendryx","Female Trouble","20","1987","EMI America","ST-17248","VG+","VG",,,
"840","Nova","Terranova","25","1982","CNR","0060.525","VG+","VG",,,
"471","Nutshell","Believe It Or Not","25","1979","Myrrh","MYR1084","VG+","VG+",,,
"836","Oliver Onions","Santa Maria","25","1980","Polydor","2374 167","NM","NM",,,
"472","Otis Redding","Star-Collection","25","1973","Midi","MID20 043","VG+","VG+",,,
"473","P.S. Corporation","Oltime Party (Original Dixieland)","25","1974","CBS","88051","VG+","VG+",,,
"474","Passport","Iguacu","25","1977","Atlantic","ATL50 341","VG","VG+",,,
"842","Passport","Doldinger Jubilee '75 (Gatefold)","25","1975","Atlantic","ATL 50 186","VG+","G",,,
"476","Pat Benatar","Precious Time","25","1981","Chrysalis","203 894","VG+","VG+",,,
"477","Pat Boone","Tenderly","25","1959","London Records","HAD.2204, HA-D 2204","VG+","VG+",,,
"478","Pat Boone","The Best Of - 22 Original Hits","25","1980","Warwick","WW 5089","NM","NM",,,
"479","Pat Boone","Speedy Gonzales","25","1974","Metronome","200.186","VG+","VG+",,,
"480","Patrick Gammon","Don't Touch Me","25","1979","Motown","1C 064-63 003","NM","VG+",,,
"481","Paul Anka","The Original Hits Of Paul Anka","25","1974","Embassy","EMB 31054","VG+","VG+",,,
"482","Paul Anka","Live In New York","25","1975","RCA","FCL1 7153","VG+","VG+",,,
"483","Paul Anka","Forever -32Hits and the Story of Paul Anka (2LP)","30","1980","RCA","CL 42933","VG+","VG+",,,
"484","Paul Anka","Golden Songs","25","1981","HEP","HN4091","NM","VG+",,,
"485","Paul Anka","Hits Of Yesterday","25","1983","CBS","CBS CL466474","VG+","VG+",,,
"486","Paul Anka","The Best Of","25","1971","RCA","INTS1267","VG+","VG+",,,
"487","Paul Young","No Parlez","25","1983","CBS","25 521","VG+","VG+",,,
"488","Paul Young","The Secret Of Association","25","1985","CBS","CBS26234","VG+","VG+",,,
"475","Peaches and Herb","Sayin' Something","25","1981","Polydor","PD-1-6332","VG+","VG",,,
"489","Percy Sledge","Star-Collection","25","1973","Midi","MID20019","VG+","VG+",,,
"490","Percy Sledge","Star-Collection vol.2","25","1973","Midi","MID20065","VG+","VG+",,,
"491","Pete Bardens","Speed Of Light","35","1988","Cinema/Capitol","7 48967 1","VG+","VG+",,,
"492","Pete Seger","We Shall Overcome","20","1970","AMIGA","8 45 038","VG+","VG+",,,
"493","Pete Tex","Plays Golden Saxophon Hits","20","1975","BASF","17 22495-3","VG+","VG+",,,
"497","Peter & Gordon","The Best Of","25","1978","MFP","1A022-58030","VG+","VG+",,,
"494","Peter Frampton","Frampton Comes Alive (Double LP)","40","1976","A&M","AMLM63703","VG+","VG+",,,
"751","Peter Frampton","Where I Should Be","35","1979","A&M","AMLK63710","NM","NM",,,
"764","Peter Frampton","Premonition","30","1986","Atlantic","81290-1","VG+","VG+",,,
"734","Peter Frampton,  Bee Gees & Various","Sgt. Pepper's Lonely Hearts Club Band (OST)(2LP)","50","1978","RSO","2658 128","VG+","VG+",,,
"495","Peter Hofmann","Rock Classics","25","1982","CBS","85 965","VG+","VG+",,,
"731","Peter Kent","The Dream Maschine Part 1&2","30","1980","Electrola","064-46012","NM","NM",,,
"496","Peter Shilling","120 Grad","35","1984","WEA","240 480-1","VG+","VG+",,,
"835","Peter Tosh","Bush Doctor","30","1978","EMI Electrola","1C 064-61 708","VG+","VG",,,
"498","Peter, Paul and Mary","Star Collection","15","1972","Midi","MID26001","VG+","VG",,,
"499","Peter, Paul and Mary","The Best Of","20","1967","Warner Bros.","WS1683","VG+","VG+",,,
"500","Peter, Paul and Mary","The Most Beautiful Songs (2LP)","30","1972","Warner Bros.","WB 66015","NM","NM",,,
"501","Petula Clark","Profile","25","1977","Vogue","6.24272","VG+","VG+",,,
"502","Ph.D.","Ph.D.","30","1981","WEA","WEA 99150","NM","NM",,,
"503","Phil Carmen","Wise Monkeys","25","1986","Metronome","829 051-1","VG+","VG+",,,
"504","Phil Carmen","City Walls","25","1987","Metronome","831 558-1","NM","NM",,,
"505","Phil Carmen","Live In Montreaux","25","1978","Metronome","833 527-1","VG+","VG+",,,
"506","Philip Bailey","Chinese Wall","25","1984","CBS","26161","VG+","VG+",,,
"507","Phillysound","The Fantastic Sound Of Philadelphia","20","1974","Philadelphia","PIR80281","VG","VG",,,
"508","Phillysound 2","The Fantastic Sound Of Philadelphia","20","1975","Philadelphia","PIR80733","VG+","VG",,,
"509","Phyllis Nelson","I Like You","25","1985","Carrere","CAR 829 086-1","NM","VG+",,,
"510","Poco","Ghost Town","35","1982","Atlantic","ATL K 80 902","NM","NM",,,
"511","Pointer Sisters","Energy","20","1978","Planet Records","PL52 107","VG+","VG",,,
"512","Pointer Sisters","Priority","20","1979","Planet Records","PL 52 161","VG+","G",,,
"514","Precious Wilson","On The Race Track","25","1980","Hansa Int.","202 912-320","VG+","VG+",,,
"513","Private Lives","Prejudice and Pride","25","1984","EMI","1C 064 2401361","VG+","VG+",,,
"699","R.Dean Taylor","I Think Therefore I Am","25","1970","Rare Earth","RS 522","NM","NM",,,
"516","Rainbirds","Rainbirds","25","1987","Mercury","834 023-1","VG+","VG",,,
"517","Rainbirds","Call Me Easy Say I'm Strong Love Me My Way It Ain't Wrong","25","1989","Mercury","838176-1","VG+","VG+",,,
"515","Ralph McTell","Streets Of London","25","1968","Pickwick","SHM926","VG+","VG+",,,
"518","Ramsey Lewis","The Best Of","25","1970","Bellaphon","Bl15109",,,,,
"519","Randy Crawford","Everything Must Change","25","1976","WB","K 56 328","VG+","VG",,,
"520","Rasa","Coming Into Full Bloom","25","1979","Lotus Eye","BBT S-17","NM","VG+",,,
"521","Rasa","Setting The Scene","25","1980","Lotus Eye","BBT S-18","NM","VG+",,,
"522","Rasa","Transparent Media","30","1981","Lotus Eye","BBT S-21","VG+","VG",,,
"523","Rasa","Creation","25","1981","Lotus Eye","BBT S-20","VG+","VG+",,,
"524","Rasa","Universal Forum","25","1982","Lotus Eye","BBT S-22","NM","NM",,,
"525","Ray Conniff and The Singers","This Guy's In Love With You","20","1974","CBS","CBS 78 251","VG","VG+",,,
"526","Ray, Goodman & Brown","RGB II",,"1980","Polydor","PD-1-6299",,,,,
"528","Real Life","Heart Land","25","1983","Curb","INT 147.710","VG+","VG+",,,
"529","Reinhard Fendrich","Auf und Davon","25","1983","Metronome","813 363-1","NM","NM",,,
"530","Richard Clayderman","Concerto","30","1979","Telefunken","6.23998","NM","NM",,,
"531","Richard Clayderman","Traumerein 2 (Die schonsten Klaviermelodien)","25","1980","Teldec","31 412 0","NM","NM",,,
"532","Richard Clayderman","Ballade Pour Adeline","30","1977","Telefunken","6.23301","NM","NM",,,
"533","Richard Clayderman & James Last","Traummelodien","30","1990","Polystar","LP 847 542-1","NM","NM",,,
"697","Richie Havens","Somethin' Else Again","20",,"Verve","FVS9526","VG","G",,,
"778","Rick Grech","The Last Five Years","35","1973","RSO","2394 111","NM","NM",,,
"698","Rick Nelson","The Very Best Of","20","1975","United Artists","UA-LA330E","VG+","VG+",,,
"534","Rick Springfield","Hard To Hold (Soundtrack Recording)","30","1984","RCA","BL84935","VG+","VG+",,,
"535","Rick Springfield","Tao","35","1985","RCA","PL 85370","VG","VG+",,,
"700","Ricky Kings","Rock'N'Roll Party","25","1984","Epic","26158","NM","NM",,,
"536","Rita Coolidge","Love Me Again (Gatefold Cover)","20","1978","A&M","AMLH64699","VG","VG",,,
"537","Rita Coolidge","Never Let You Go","35","1983","AM records","AMLH64914","VG+","VG+",,,
"538","Ritchie Francis","Song Bird (Gatefold Cover)","25","1971","Global","26 006-7","VG+","VG+",,,
"539","Rob Hoeke Boogie Woogie Quartet","That's Boogie Woogie","25",,"Fontana","6428 011","VG+","VG+",,,
"540","Robert Palmer","Double Fun","25","1978","Island","ILPS 9476","VG","VG",,,
"541","Robert Tepper","No Easy Way Out","20","1986","Bellaphon","260-14-039","VG+","VG+",,,
"542","Rod Stewart","A Night On The Town","30","1976","Warner Bros.","WB56 234","VG+","VG+",,,
"543","Rod Stewart","Foot Loose & Fancy Free","25","1977","Warner Bros.","WB65 423","VG","VG",,,
"736","Rod Stewart","Tonight I'm Yours","40","1981","Warner Bros","WB K 56 951","NM","NM",,,
"820","Rod Stewart","Greatest Hits","35","1979","Warner Bros","WB 56744","VG+","VG",,,
"545","Rodgers and Hammerstein","The Sound Of Music - Movie Soundtrack","20","1965","RCA Victor","LOCD 2005","G","VG",,,
"702","Roger Champman and The Shortlist","Live In Hamburg","25","1979","Acrobat","C 064-63 482","VG+","VG",,,
"544","Roger Whittaker","The Best Of Roger Whittaker 2","25","1976","Aves","69.020","NM","NM",,,
"546","Rondo Veneziano","Rondo Veneziano","25","1980","Baby Records","BR56011","VG+","VG+",,,
"547","Rondo Veneziano","Venezia 200","25","1983","Baby Records","42 174 3","VG+","VG",,,
"548","Rondo Veneziano","Fantasia Veneziana","25","1986","Baby Records","13 028 6","VG+","VG",,,
"832","Roy Orbison","Mystery Girl","30","1989","Virgin","209 576","NM","VG+",,,
"549","Rubettes","Little Darling","30","1975","State Records","2309 004","NM","NM",,,
"550","Rupert","Tribute to Elvis (3LP)","25","1975","Copyrite","CR8101","VG","G",,,
"551","Russ Ballard","The Fire Still Burns","25","1985","EMI America","1C 064-24 0367","VG+","VG",,,
"552","Saga","Behaviour","35","1985","Polydor","825 840-1","VG+","VG+",,,
"553","Saga","Images At Twilight","30","1976","Polydor","2391 437","VG+","VG",,,
"554","Saga","In Transit","35","1982","Polydor","2374 200","VG+","VG+",,,
"555","Saga","Silent Knight","35","1980","Polydor","2374 166","VG+","VG+",,,
"556","Sailor","Greatest Hits vol.1","20","1978","Epc","EPC82754","VG","VG",,,
"557","Sailor","The Third Step (Gatefold)","25","1976","Epic","EPC 81701","VG+","VG+",,,
"558","Sailor","Trouble","25","1975","Epic","EPC 69192","VG+","VG",,,
"559","Sal Paradise","Shimmer","20","1984","Arista","206 156","VG","VG+",,,
"560","Sally Oldfield","Easy","25","1979","Castle","CLALP102","VG+","VG+",,,
"561","Sally Oldfield","Femme","30","1987","CBS","4510341","VG+","VG+",,,
"562","Sally Oldfield","Playing in the Flame","30","1981","Bronze","204140-320","VG+","VG+",,,
"776","Sam & Dave","Soul Man","25","1967","Atlantic","STAX S725","VG","VG",,,
"563","Sam The Sham and The Pharaohs","Their Second Album","20","1965","MGM","SE-4314","VG+","VG+",,,
"692","Sammy Davis","Star Collection","20",,"Midi","MID24005","VG+","VG",,,
"564","Sammy Davis Jr.","Hearin' is Believin'","25","1979","RCA","PL40801","VG+","VG+",,,
"566","Santa Esmeralda & Leroy Gomez","Don't Let Me Be Misunderstood","20","1977","Philips","9101149","NM","VG+",,,
"884","Santana","Santana's Greatest Hits","20","1974","CBS","CBS69081","VG","G",,,
"567","Saragossa Band","Saragossa Band","25","1979","Ariola","34 279 0","VG+","VG",,,
"568","Secret Service","Oh Susie","30","1980","Strand","31 705 7","VG+","VG+",,,
"569","Shakatak","TheVery Best Of","30","1988","Arcade","LP 01.3690.21","VG+","VG+",,,
"693","Shakatak","Out Of This World","25","1983","Polydor","815 304-1","NM","NM",,,
"694","Shakatak","Drivin' Hard","25","1981","Polydor","2383 607","NM","VG+",,,
"695","Shakatak","Invitations","25","1982","Polydor","2383 652","VG+","VG+",,,
"696","Shakatak","Down On The Street","20","1984","Polydor","823 304-1","VG+","VG",,,
"570","Shakin' Stevens","Shaky","30","1981","Epic","913855","NM","VG+",,,
"713","Shakin' Stevens","The Bop Won't Stop (Gatefold)","35","1983","Epic","EPC86301","NM","NM",,,
"714","Shakin' Stevens","Jetzt kommt Shaky (Best of) (Gatefold)","30","1983","Epic","EPC SHAKY100","NM","NM",,,
"712","Shakin' Stevens & The Sunsets","From Memphis to New Orleans","25","1983","Teldec","6.25605AO","NM","VG+",,,
"571","Shanana","Shanana","25","1971","Kama Sutra","2319 007","VG+","VG+",,,
"572","Sheila B. Devotion","Singing In The Rain","25","1977","Carrere","67.187","VG","VG+",,,
"573","Shirley Bassey","Big Spender","25","1973","Sunset","SLS 50 262 Z","NM","NM",,,
"574","Shirley Bassey","Good Bad but Beautiful","25","1975","United Artists","UAS 29 881 XO","NM","VG+",,,
"575","Shirley Bassey","Gold Collection (Double LP)","30","1979","Liberty","1C 2LP 134","VG+","VG+",,,
"740","Shirley Bassey","Shirley Bassey (Double LP)","30","1974","MFP","1M 146 - 50 292","NM","VG+",,,
"789","Shirley Bassey","Love, Life and Feelings","15","1976","United Artists","UA-LA605G","VG","VG",,,
"790","Shirley Bassey","And I Love You So","20","1972","United Artists","1C 064-94072","VG+","VG",,,
"711","Shirley Bassey","Something","25","1970","United Artists","UAS29100","VG+","VG+",,,
"576","Siegfried Schwab & Peter Horton","Guitarissimo","15","1978","Nature"," 0060.131","VG+","VG+",,,
"831","Silver Convention","Madhouse","30","1976","Jupiter Records","28 222OT","VG+","VG",,,
"721","Simple Minds","New Gold Dream (81-82-83-84)","25","1982","Virgin","204 965","VG","VG",,,
"720","Skiffle","The Best Of Skiffle","20","1974","2001 Metronome","200.194","NM","NM",,,
"579","Sky","Sky","25","1979","Ariola","200 589","NM","NM",,,
"580","Sky","Sky III","25","1981","Ariola","32 848 4","VG+","VG",,,
"581","Sky","Masterpieces -The Very Best of Sky (Gatefold)","25","1984","Telstar","STAR2241","VG+","VG",,,
"582","Sly Fox","Lets Go All The Way","35","1985","Capitol","064-24 0291-1","VG+","VG+",,,
"583","Sniff 'n' the Tears ","Fickle Heart","30","1978","Chiswick","0067.065","VG+","VG+",,,
"584","Soeur Sourire","The Singing Nun","10","1963","Philips","PCC-203","VG","VG",,,
"725","Sonny & Cher","The Sonny & Cher Collection","30","1990","WEA","9548-30152","VG+","VG+",,,
"585","Spargo","Good Time Spirit (Gatefold)","25","1980","Papagayo","1C 064-46 182","VG+","VG",,,
"586","Spotnicks","If You Could Read My Mind","15","1972","Polydor","62 199","VG+","VG+",,,
"587","Spotnicks","On Tour","20","1972","Karussel","2499050","VG+","VG+",,,
"588","Spotnicks","Something Like Country","20","1972","Polydor","248 112","VG+","VG+",,,
"722","Spotnicks","Recital des Spotnicks a Berlin","25","1974","President","KVP308","VG","VG+",,,
"701","Stanley Clarke","School Days","20","1976","Nemperor RecordsNE 50 296","NE 50 296 ","VG+","G",,,
"590","Stars On '45","Long Play Album vol. 2","35","1981","CNR","655.130","VG+","VG",,,
"591","Status Quo","1+9+8+2","35","1982","Vertigo","6 302 189","VG+","VG+",,,
"592","Status Quo","Hello!","35","1973","Vertigo","6360 098","VG+","VG+",,,
"593","Status Quo","Live (2LP)","25","1977","Capitol","SKBB-11623","VG","VG",,,
"594","Status Quo","Rockin' Around With…","30","1983","SuperStar","SU1018","VG+","VG+",,,
"859","Status Quo","Whatever You Want","35","1979","Vertigo","6360 175","NM","NM",,,
"704","Steve Goodman","The Best Of The Asylum Years Vol. One","20","1988","Red Pajamas","RPJ-006","VG+","VG",,,
"595","Summer","Flying Home","30","1979","Touchstone","BBT 113T","VG+","VG+",,,
"596","Supermax","World Of Today","30","1977","Atlantic","ATL50423","VG+","VG",,,
"597","Supertramp","…famous last words…","45","1982","A&M","AMLK63732","NM","NM",,,
"599","Supertramp","Crime Of The Century","45","1974","A&M","AMLS68258","VG+","VG+",,,
"600","Supertramp","Die Songs Einer Supergrupe (Best Of)","25","1984","A&M","AMTV4","VG","VG",,,
"601","Sybil","Sybil","30","1989","Metronome","841 762-1","VG+","VG+",,,
"602","Syd Lawrence & His Orchestra","Glenn Miller Hits (2 LP)","25","1980","Philips","61 590","VG+","VG+",,,
"844","Tammy Wynette","Greatest Hits Volume II","20","1971","Epic","E30733","G","VG",,,
"876","Tax","Tax","20","1980","Jupiter Records","6.24819","VG+","VG",,,
"603","Teaze","One Night Stands","25","1979","Aquarius Rec.","AQR523","VG+","VG",,,
"846","Ten Sing Norway","Something So Strong","20","1988","Tria Music","20.227","VG+","G",,,
"604","Terry Dolan & The Pirates","Wind Dancer","30","1981","Rag Baby","INT147 408","VG+","VG+",,,
"845","The  Weather Girls","Success","20","1983","CBS","CBS25719","VG+","G",,,
"606","The Alan Parsons Project","Eve (Gatefold)","35","1979","Arista","201 157","VG+","VG+",,,
"607","The Alan Parsons Project","Pyramid","35","1978","Arista","064-60 792","NM","VG+",,,
"808","The Alan Parsons Project","Tales Of Mistery amd Imagination -Edgar Allan Poe","30","1976","20thCentury","6370 243","VG+","VG",,,
"608","The Ambassador-Plaza Quintet","The Cosy Corner Bar","20",,"Amanda","AVRS 18009","VG+","VG",,,
"870","The Andrews Sisters","The Immortal Hits Of The Andrews Sisters","30","1988","The Entertainers","ENT LP 13067","NM","NM",,,
"860","The Animals feat. Eric Burdon","Let It Rock","30","1973","Intercord","INT 128.611","NM","NM",,,
"609","The Band of the Grenadier Guards","National Hymnen","25","1978","Decca","6.23 618","VG+","VG",,,
"611","The Beach Boys","Beach Boys","25","1976","EMI Electrola","64 505","VG+","VG",,,
"612","The Beach Boys","The Beach Boys","25","1970","MFP","MFP 5484","VG+","VG+",,,
"613","The Beach Boys","The Beach Boys","30","1965","MFP","MFP 5235","NM","NM",,,
"614","The Beach Boys","The Best of The Beach Boys vol.3","25","1968","Capitol","1C 048-80 059","VG","VG",,,
"615","The Beach Boys","The Very Best Of The Beach Boys (Anthology 1963-69)","25","1974","EMI Electrola","1 C 152-81482/83","VG+","VG",,,
"890","The Beachboys","All Time Greatest Hits (Double LP)","40","1974","Capitol","1A 138-81675","NM","NM",,,
"610","The Belle Stars","The Belle Stars","25","1983","Stiff Records","6.25456","VG+","VG+",,,
"616","The Box","Closer Together","25","1988","Westpark","87005","VG+","VG+",,,
"617","The Casuals","Hour World","20","1969","Vogue","MDINT 9751","VG","VG",,,
"618","The Catch","Walk The Water","20","1986","Metronome","829014-1ME","VG+","VG",,,
"619","The Cats","The Best Of The Cats","35","1980","MFP","1A022-58021","NM","NM",,,
"620","The Cats","The Story Of The Cats","30","1983","EMI","1A 046-26926","NM","NM",,,
"869","The Cats","Supergold (Double LP)","35","1979","EMI/Horzu","134-26327","VG+","VG+",,,
"621","The Chris Hinze Combination","Saliah (2LP)","30","1984","Keytone","KYT 745/46","VG+","VG+",,,
"622","The Crusaders","At Their Best","30","1982","Motown","230-15-070","VG+","VG",,,
"623","The Dirty Strangers","With Their Friends Ron Wood & Keith Richards","20","1988","TRC","TRC0006","G","VG",,,
"624","The Don Kirshner Concept ","Don Kirshner Cuts ""Hair""","30","1969","RCA Camden","CAS 10 259","NM","NM",,,
"625","The Doobie Brothers","The Captain and Me","35","1973","Warner Bros.","WB46 217","VG+","VG+",,,
"626","The Dubliners","On The Road","25","1973","Transatlantic","200.158","VG+","VG+",,,
"627","The Dubliners","Pop Diamonds","25","1974","Transatlantic","0044.018","NM","VG+",,,
"628","The Dubliners","The Best Of","25","1974","Hallmark","SHM 857","VG+","VG+",,,
"629","The Dubliners","The Best Of (2LP)","30","1972","Transatlantic","TRA 2-158","NM","VG+",,,
"630","The Dubliners","The Dubliners in Concert","25","1970","Hallmark","SHM 682","VG+","VG+",,,
"774","The Dubliners","Greatest Hits","25",,"Fun","FUN9033","NM","NM",,,
"631","The Dudek,Finnigan,Krueger Band","DFK","25","1980","CBS","CBS 83523","VG+","VG+",,,
"632","The Everly Brothers","Stories We Could Tell","20","1972","Camden","CDS 1142","VG","VG",,,
"633","The Flying Pickets","Lost Boys","35","1984","10 Records","206 299","VG+","VG+",,,
"881","The Fortunes","Greatest Hits","25","1985","BR Music","BRLP 27","VG+","VG+",,,
"635","The Hollies","""What Goes Around…""","30","1983","WEA","24-0198-1","NM","NM",,,
"636","The Hollies","Pop Power","30","1976","Polydor","2459 601","VG+","VG+",,,
"637","The Hollies","The Hollies","30","1977","Polydor","2438 104","NM","NM",,,
"877","The Hollies","Bus Stop","20","1966","EMIDisc","048-EMD-50732","VG+","VG",,,
"813","The Isley Brothers","Grand Slam","30","1981","Tnek","AL37080","VG+","VG+",,,
"638","The Jacky's","Boogie- Rock'n'Roll & Blues","25","1982","EMI","13 C058-76095 S","VG+","VG",,,
"639","The Kids","The Kids","15","1979","Mercury","9198 526","VG+","VG+",,,
"640","The Kingston Trio","The Best Of","20","1975","Capitol","SM1705","VG+","VG+",,,
"777","The Kinks","Ihre 20 grossten Hits","25","1978","Arcade","ADE G 56","VG+","VG",,,
"641","The Knack","Get The Knack","30","1979","Capitol","27 300-3","VG+","VG+",,,
"642","The Les Humphries Singers","20 Grossten Hits","20",,"Arcade","ADE G 16","NM","NM",,,
"643","The Les Humphries Singers","Hits Of Yesterday","20","1982","Telefunken","91 433 3","NM","NM",,,
"644","The London Symphony Orchestra","Rhapsody In Black","20","1979","K-Tel","ONE1063","VG","VG",,,
"645","The London Symphony Orchestra","Classic Rock","25","1977","Polydor","2374 133","VG+","VG",,,
"646","The Lords","The Best Of","30","1969","Columbia","1 C 048-29 783","VG+","VG+",,,
"647","The Lords","The Best Of The Lords","25","1972","EMI/Columbia","1 C 048-29 783","VG+","VG+",,,
"648","The Magic Platters","Welthits zum Traumen","20","1987","Dino","1471","NM","NM",,,
"849","The Manhattan Transfer","Live","25","1987","Atlantic","781 723-1","VG+","VG+",,,
"850","The Manhattan Transfer","Coming Out","30","1976","Atlantic","ATL 50291","VG+","VG+",,,
"851","The Manhattan Transfer","Pastiche","20","1978","Atlantic","ATL 50 444","VG","VG+",,,
"649","The Manhattans","That’s How Much I Love You","20","1974","Columbia","BL 33064","VG","G",,,
"650","The Marshall Tucker Band","Long Hard Ride","20","1976","Capricorn Rec.","2429 140","VG+","G",,,
"822","The Marshall Tucker Band","Dedicated","40","1981","Warner Bros.","WB56887","NM","NM",,,
"651","The Mike Leander Orchestra","Privilege (Soundtrack)","15","1967","Vogue","LDVS17136","VG+","VG+",,,
"788","The Moody Blues","The Other Side Of Life","20","1987","Melodia -USSR","С60 26203 009","VG+","VG",,,
"770","The Moody Blues","Every Good Boy Deserves Favour","25","1971","Threshold","6.22165","VG+","VG",,,
"889","The Multicoloured Shades","Sundome City Exit","30","1987","Virgin","208 320","NM","NM",,,
"838","The Oak Ridge Boys","Greatest Hits","30","1980","MCA Records","203 073","NM","NM",,,
"652","The Outfield","Play Deep","35","1985","CBS","CBS26594","VG+","VG+",,,
"829","The Outfield","Voices Of Babylon","35","1989","CBS","463445 1","NM","NM",,,
"841","The Palmer Band","What's In Front Of You","30","1980","Prisma","1C064-46044A","NM","NM",,,
"871","The Platters","Only You","30","1987","Babylon","F/80016","NM","NM",,,
"653","The Rattles","The Witch / Kingdom Of Love (Maxi Single)","10","1988","ACT (4), Mercury","872 533-2","VG+","VG+",,,
"880","The Rattles","The Rattles!","25","1974","Fontana","6434 162","VG+","VG+",,,
"654","The Riats","The Greatest Evergreens","20","1969","Iris Records","15.041","VG","VG",,,
"655","The Ritchie Family","Give Me A Break","30","1980","Imavox","IM-30.114","VG+","VG+",,,
"782","The Runaways","Rock Heavies","25","1978","Mercury","6336 625","NM","VG",,,
"656","The Searchers","The Golden Hour Of ","25","1972","Golden Hour","GH541","VG+","VG",,,
"715","The Searchers","Second Take","25","1972","RCA","PJL1-8009","NM","VG+",,,
"719","The Searchers","Hits Collection","25","1987","PRT Records","6.26697","VG+","VG+",,,
"873","The Searchers","Needles & Pins","25","1971","Hallmark","HMA203","NM","NM",,,
"718","The Seekers","Remember The Golden Years (Double LP)","30",,"Horzu Exclusiv","148-06 535/36","NM","NM",,,
"874","The Seekers","The Four & Only Seekers","25","1969","MFP","MFP5025","NM","NM",,,
"658","The Shadows","Live (2LP)","30","1975","MFP","MFP1018","VG+","VG",,,
"659","The Shadows","The Shadows","25","1966","MFP","MFP5501","VG+","VG",,,
"660","The Shadows","The Shadows Story","20","1971","Columbia","5C 052-04831","VG+","VG",,,
"716","The Shadows","The Shadows","20",,"Emidisc","1 C 048-51 765","VG","VG",,,
"717","The Shadows","Out Of The Shadows","25",,"Emidisc","C 048-50 726","NM","NM",,,
"872","The Shadows","The Best Of (Double LP) (Cu Autografe)","40","1972","EMI/Columbia","148-04 860","NM","NM",,,
"661","The Shakin' Piramids","Skin'em Up","15","1981","Virgin","V2199","G","G",,,
"662","The Spotnicks","Le Tour Du Monde (Cutie cu 4 LP)","35",,"President","COFF901","VG+","VG",,,
"663","The Spots","Beat, Beat, Beat","15","1967","Europa","E174","VG+","VG",,,
"664","The Stanky Brown Group","If The Lights Don't Get You","25","1977","Sire","SA7529","VG+","VG+",,,
"875","The Style Council","Our Favourite Shop","20","1985","Polydor","825 700-1","VG+","G",,,
"758","The Teens","Teens & Jeans & Rock'n'Roll","20","1979","Hansa","200 845","VG","VG+",,,
"665","The Walker Brothers","The Walker Brothers Story (2LP)","30","1966","Philips","DBL002-A","VG+","VG+",,,
"729","The Weather Girls","The Weather Girls","25","1988","CBS","460470 1","VG+","VG+",,,
"666","The Who","Live At Leeds (Red Lettering)","40","1970","Track","2406 001","G","G",,,
"667","Thelma Houston","The Devil In Me","25","1977","Motown","1C 064-60140","VG","VG",,,
"773","Them Featuring Van Morrison","Them Featuring Van Morrison","25","1979","Decca","6.24005AL","VG+","VG+",,,
"669","Three Dog Night ","Naturally (Gatefold)","30","1970","Probe","1C 062-91907","VG","VG",,,
"852","Tom Jones","At The Talk Of The Town (Live)","20","1967","Decca","SLK16483-P","VG","VG",,,
"853","Tom Jones","Seine 20 Grossten Erfolge","20",,"K-Tel","TG 1183","VG+","VG+",,,
"670","Tom Jones / Engelbert Humperdinck","Compilatie","20","1972","Balkanton","BTA 1472","NM","VG+",,,
"671","Tom Scott","Desire","30","1982","Elektra","MUS K 52411","VG+","VG+",,,
"672","Tommy Reilly","Wandrin' Star","25","1971","Polydor","238-029","VG+","VG",,,
"780","Tony Christie","Ladies' Man","25","1980","RCA Victor","PL28382","NM","NM",,,
"826","Tony Stone","For A Lifetime","30","1987","Ensign/Chrysalis","209 359","NM","NM",,,
"673","Tower Of Power","Ain't Nothin' Stoppin' Us Now","20","1976","CBS","CBS81572","VG+","G",,,
"843","Traks","Long Train Runnin'","30","1982","Polydor","2374 201","VG+","VG+",,,
"863","Traks","Get Ready","25","1983","Polydor","813 243-1","VG+","VG+",,,
"839","Transister","Zig-Zag","25","1979","Ariola","201 163-320","NM","NM",,,
"674","Truck Stop","Truckin' On New Tracks","15","1976","Telefunken","6 22 407","VG+","VG+",,,
"675","Ultravox","Vienna","35","1980","Chrysalis","202 701-320","VG","VG+",,,
"787","Van Morrison","Astral Weeks","20","1972","Midi","MID 26 004","VG","G",,,
"676","Various Artists","Against All Odds OST","35","1984","Atlantic","780 152-1","VG+","VG",,,
"677","Various Artists","Filme - Die Man Nicht Vergist (Muzica de film) (2LP)","30",,"United Artists","UAS 29 126/27 X","VG+","VG+",,,
"678","Various Artists","Jesus Super Soul","30",,"Polydor","2480 065","VG+","VG+",,,
"680","Various Artists","More Dirty Dancing","25","1988","RCA","BL 86965","VG+","VG+",,,
"681","Various Artists","Pretty Woman - Soundtrack","30","1990","EMI USA","MTL 1052","VG+","VG+",,,
"682","Various Artists","Staying Alive OST","25","1983","RSO","813269-1","VG","G",,,
"772","Various Artists","Greenpeace - Rainbow Warriors (2LP)","35","1989","Geffen","XGHS24236","VG+","VG+",,,
"683","Various Artists","Thank God It's Friday -Soundtrack (2LP)","30","1978","Casablanca","NB7041","VG","VG",,,
"775","Various Artists","Volunteer Jam VII hosted by Charlie Daniels Band","25","1981","Epic","AL37178","NM","VG+",,,
"868","Various Artists","Super Italia","30","1985","K-Tel","TG1571","NM","NM",,,
"684","Vice","Second Excess","25","1990","Ariola","210 534","VG+","VG+",,,
"786","Viktor Lazlo","Viktor Lazlo","30","1987","Polydor","832 147","VG+","VG+",,,
"685","Viktor Lazlo","She","30","1985","Polydor","827 958-1","VG+","VG+",,,
"686","Village People","Cruisin'","25","1978","Metronome","0900.112","VG","VG",,,
"687","Village People","Macho Man","30","1978","Telefunken","6.23 449","VG+","VG+",,,
"886","Village People","Go West","25","1979","Metronome","0060.183","VG+","VG+",,,
"887","Village People","Cruisin'","25","1978","Casablanca","NBLP7118","VG+","VG+",,,
"888","Village People","I Am What I Am - The Best Of Village People","30","1979","Telefunken","6.23.697","VG+","VG+",,,
"847","Vince Webber","Piano Blues & Boogie Woogie","20","1975","EMI Electrola","C 062-29 597","G","VG",,,
"783","VOG","VOG","25","1981","RCA Victor","PL 28466","VG+","VG+",,,
"688","Warren Schatz","Warren Schatz","15","1971","Intercord","26014-1","VG","VG",,,
"689","Werner Muller Orchestra","Werner's Muller's Grosse Musical Show","10",,"Decca","BLK 16 310-P","VG","G",,,
"726","Wilson Pickett","Star Collection vol.1","25","1972","MIDI","MID 20 017","VG+","VG+",,,
"727","Wilson Pickett","Star Collection vol.2","25","1974","MIDI","MID 20 078","VG+","VG+",,,
"728","Wilson Pickett","Star Collection","25","1972","MIDI","MID 20 017","VG+","VG+",,,
"690","Womack & Womack","Conscience","35","1988","4th & Broadway","209 139","VG+","VG+",,,
"723","Working Week","Working Nights","25","1985","Virgin","206 950","VG+","VG+",,,
"724","Working Week","Working Nights  (LP) + Stellamarina (MaxiSingle)","30","1985","Virgin","206 950/601 733","VG+","VG+",,,
"691","Zarah Leander","Ich weiss es wird eial (2LP)","15",,"Ariola","86 734","VG+","VG+",,,
